Variant_ID,AL_1,AL_2,AL_3,AL_4,AL_5,AL_6,AL_7,AL_8,AL_9,AL_10,AL_11,AL_12,AL_13,AL_14,AL_15,AL_16,AL_17,AL_18,AL_19,AL_20,AL_21,AL_22,AL_23,AL_24,AL_25,AL_26,CAT_1,AL_27,AL_28,AL_29,AL_30,AL_31,AL_32,AL_33,AL_34,AL_35,AL_36,AL_37,AL_38,AL_39,AL_40,AL_41,AL_42,AL_43,AL_44,AL_45,AL_46,AL_47,AL_48,AL_49,AL_50,AL_51,AL_52,AL_53,AL_54,AL_55,AL_56,AL_57,AL_58,AL_59,AL_60,AL_61,AL_62,AL_63,AL_64,AL_65,AL_66,AL_67,AL_68,AL_69,AL_70,AL_71,AL_72,AL_73,AL_74,AL_75,AL_76,AL_77,AL_78,AL_79,AL_80,AL_81,AL_82,AL_83,AL_84,AL_85,AL_86,AL_87,AL_88,AL_89,AL_90,AL_91,AL_92,AL_93,AL_94,AL_95,CAT_2,AL_96,AL_97,AL_98,CAT_3,CAT_4,EK_1,EK_2,EK_3,AL_99,AL_100,AL_101,AL_102,AL_103,AL_104,AL_105,AL_106,AL_107,AL_108,AL_109,AL_110,AL_111,AL_112,AL_113,AL_114,AL_115,AL_116,AL_117,AL_118,AL_119,AL_120,AL_121,AL_122,AL_123,AL_124,AL_125,AL_126,AL_127,AL_128,AL_129,AL_130,AL_131,AL_132,AL_133,AL_134,AL_135,AL_136,AL_137,AL_138,AL_139,AL_140,AL_141,AL_142,AL_143,AL_144,AL_145,AL_146,AL_147,AL_148,AL_149,AL_150,AL_151,AL_152,AL_153,AL_154,AL_155,AL_156,AL_157,AL_158,AL_159,AL_160,AL_161,AL_162,AL_163,AL_164,AL_165,AL_166,AL_167,AL_168,AL_169,AL_170,AL_171,AL_172,AL_173,AL_174,AL_175,AL_176,AL_177,AL_178,AL_179,AL_180,AL_181,AL_182,AL_183,AL_184,AL_185,CAT_5,AL_186,AL_187,AL_188,AL_189,AL_190,AL_191,AL_192,AL_193,AL_194,AL_195,AL_196,AL_197,AL_198,AL_199,AL_200,AL_201,AL_202,AL_203,AL_204,AL_205,AL_206,AL_207,AL_208,AL_209,AL_210,AL_211,AL_212,AL_213,AL_214,AL_215,AL_216,AL_217,AL_218,AL_219,AL_220,AL_221,AL_222,CAT_6,AL_223,AL_224,AL_225,AL_226,AL_227,AL_228,AL_229,AL_230,AL_231,AL_232,AL_233,AL_234,AL_235,AL_236,AL_237,AL_238,AL_239,AL_240,AL_241,AL_242,AL_243,AL_244,AL_245,AL_246,AL_247,AL_248,AL_249,AL_250,AL_251,AL_252,AL_253,AL_254,AL_255,AL_256,AL_257,AL_258,AL_259,AL_260,AL_261,AL_262,AL_263,AL_264,AL_265,AL_266,AL_267,AL_268,AL_269,AL_270,AL_271,AL_272,AL_273,AL_274,AL_275,AL_276,AL_277,AL_278,AL_279,AL_280,AL_281,AL_282,AL_283,AL_284,AL_285,AL_286,AL_287,AL_288,AL_289,AL_290,AL_291,AL_292,AL_293,AL_294,AL_295,AL_296,AL_297,AL_298,AL_299,AL_300,AL_301,AL_302,AL_303,AL_304,AL_305,AL_306,AL_307,AL_308,AL_309,AL_310,AL_311,AL_312,AL_313,AL_314,AL_315,AL_316,AL_317,AL_318,AL_319,AL_320,AL_321,AL_322,AL_323,AL_324,AL_325,AL_326,AL_327,AL_328,AL_329,AL_330,AL_331,AL_332,AL_333,AL_334,EK_4,EK_5,EK_6,EK_7,EK_8,EK_9,AA_1,AA_2,Label,AA1_polarity,AA1_charge,AA1_hydro,AA1_weight,AA2_polarity,AA2_charge,AA2_hydro,AA2_weight,AA_hydro_diff,AA_weight_diff,AA_charge_change,AA_polarity_change,EK_1_x_EK_2,EK_1_x_EK_3,EK_1_x_EK_4,EK_1_x_EK_5,EK_1_x_EK_6,EK_1_x_EK_7,EK_1_x_EK_8,EK_1_x_EK_9,EK_2_x_EK_3,EK_2_x_EK_4,EK_2_x_EK_5,EK_2_x_EK_6,EK_2_x_EK_7,EK_2_x_EK_8,EK_2_x_EK_9,EK_3_x_EK_4,EK_3_x_EK_5,EK_3_x_EK_6,EK_3_x_EK_7,EK_3_x_EK_8,EK_3_x_EK_9,EK_4_x_EK_5,EK_4_x_EK_6,EK_4_x_EK_7,EK_4_x_EK_8,EK_4_x_EK_9,EK_5_x_EK_6,EK_5_x_EK_7,EK_5_x_EK_8,EK_5_x_EK_9,EK_6_x_EK_7,EK_6_x_EK_8,EK_6_x_EK_9,EK_7_x_EK_8,EK_7_x_EK_9,EK_8_x_EK_9,missing_count_AL,missing_ratio_AL,missing_ratio_AL_log,missing_count_EK,missing_ratio_EK,missing_count_ALL,EK9_x_miss_AL
VAR_005011,,,,,,,0.049015173181609,6.721111349612899e-05,0.0237133800400259,0.0270337712895263,2.8174452889437123e-13,0.0037239764995717,0.0002317764163024,0.0002388511550853,2.0880142694868396e-05,0.0180557033012922,0.0001092661597622,0.0013485659505616,0.0025573412938843,0.0002576135905222,4.536977023886482e-14,2.5848451412381088e-15,0.00027783,0.0004306500004935,0.0002828012708941,0.0015179245030616,gnomADe_MID,,,,,,,,,,,,,0.0,0.0001393729408533,1.0,1.0,0.0279716118091264,1.0,0.0,0.0001783477759685,1.0,1.0,0.00038881577626,1.0,0.0,0.000740620187576,1.0,0.0,0.0002318885543004,1.0,1.0,0.0002556818788834,1.0,0.0,0.0001192267539485,1.0,1.0,0.0002266089465634,1.0,0.0,0.0745960543235317,1.0,0.0,1.7180455250232656e-06,1.0,0.0,0.0001917375807331,1.0,0.0,7.552701301578326e-05,1.0,1.0,0.0743242929380016,1.0,0.0,0.0020216068051488,1.0,1.0,3.33851718331071e-05,1.0,1.0,0.000227791909361,1.0,0.0,0.0020579194693671,1.0,1.0,0.0003880880017035,1.0,AllofUs_AMR,0.0,4.4247477930266815e-20,0.0,G/G,G/G,4.862891623484343,4.068209959559878,,0.0,8.191808301761367e-05,1.0,0.0,0.0154915723922381,1.0,0.0,0.0038796767482836,1.0,1.0,0.0001195552359104,1.0,1.0,0.02972918042058,1.0,0.0,0.0001870224576804,1.0,0.0,0.0314155327275214,1.0,0.0,0.0028207159088136,1.0,1.0,6.368368916355696e-05,1.0,0.0,0.0045430725294418,1.0,0.0,0.0079466412658144,1.0,0.0,0.0007199841096955,1.0,0.0,0.0090067323651127,1.0,0.0,7.534800000274437e-05,1.0,0.0,0.0299571477387759,1.0,1.0,0.0003315605220069,1.0,0.0,0.0004154564875586,1.0,1.0,0.0038263589941497,1.0,1.0,0.0025115095813571,1.0,0.0,0.0487379213465845,1.0,1.0,0.0208429704598531,1.0,0.0,0.0001010481702428,1.0,0.0,7.567200000013523e-05,1.0,1.0,1.950326331879886e-05,1.0,1.0,0.0002225701444785,1.0,0.0,0.0600754073467973,1.0,1.0,0.0099915476536783,1.0,1.0,0.0757772727840555,1.0,1.0,0.0001870119405511,264690.0,G/G,0.0011016,1.0,7.429149959118225e-05,0.0,0.0106827221305966,1.0,1.0,0.0,0.0018616950287056,1.0,0.0,1.0,0.0,2.126260521332701e-08,1.0,0.0,0.4663943579021031,0.0611534462009501,1.0,0.1290564586917426,1.0,1.689183426114051e-09,1.0,0.0,1.0,0.000189971126875,1.0,1.0,0.0,0.0001899711011172,1.0,0.0,0.0,3.0442075993030683e-09,1.0,0.0,0.0,,1.0,0.0002700624704322,1.0,6.046758000067068e-05,1.0,1.0,0.0,5.273548666993215e-05,1.0,1.0,1.0,1.0,6.500149587856662e-17,1.0,1.0,0.0,3.851863485950025e-06,1.0,1.0,1.0,8.88815077914118e-14,1.0,0.0,1.0,0.0007290269984693,1.0,0.0,1.0,0.0002111481,1.0,1.0,1.0,0.0016014231404302,1.0,1.0,1.0,0.0,0.0003246990188076,0.0,0.0191920400331915,1.0,0.0,1.0,5.9568398620188056e-05,1.0,0.0,1.0,1.0,0.0002461063774397,1.0,1.0,0.0,0.0420466238128828,1.0,1.0,0.0,0.0182887253648801,1.0,0.0,1.0,0.0016605409737191,1.0,1.0,1.0,0.0033240345024654,1.0,1.0,1.0,0.0382144533884533,1.0,1.0,1.0,0.0,0.0001908156670326,0.0,0.0001355167661692,1.0,1.0,0.0,0.0005620387268287,1.0,1.0,1.0,0.0065952476374814,1.0,0.0,1.0,0.0,1.810593853255338e-09,1.0,0.0,0.0,1.314326571954172e-06,1.0,1.0,0.0,0.0039133187169324,1.0,0.0,1.0,0.0002347269755539,1.0,1.0,0.0,0.000502598254031,1.0,0.0,1.0,0.0154872418730975,1.0,0.0,0.0,1.0,0.9760994334945052,1.0,1.837942761858557,0.7139180953951878,6.886916181137958,V,M,1,0.0,0.0,4.2,117.1,0.0,0.0,1.9,149.2,2.3000000000000003,32.099999999999994,0.0,0.0,19.783264134919307,,4.862891623484343,4.746665758828242,4.862891623484343,8.937716461085655,3.4717063259511547,33.49032700889455,,4.068209959559878,3.9709774368631012,4.068209959559878,7.4771370488939715,2.9043687059967223,28.017420998759523,,,,,,,0.9760994334945052,1.0,1.837942761858557,0.7139180953951878,6.886916181137958,0.9760994334945052,1.7940148886454639,0.696855048476719,6.722314982932902,1.837942761858557,0.7139180953951878,6.886916181137958,1.3121405959914323,12.657757746649086,4.916694083184312,18,0.05389221556886228,0.05249018262139668,1,0.1111111111111111,19,0.3711511714385726
VAR_004291,0.0002772428227554,4.866821896587192e-10,0.0012600005874431,0.001883146717499,7.465063712021958e-17,0.0036162053551272,,,,,,,,,,5.910300013177613e-06,1.797174352576871e-15,1.5593988738948694e-07,0.0403883348794472,0.0026543286469225,0.003838431242086,0.0272673139763771,9.316948148836417e-14,1.1985191733547362e-17,3.360477051511905e-08,0.0015596657917486,AMR,,,,,,,,,,,,,,,,,,,,,,,,,,,,,,,,,,,,,,,,,,,,,,,,,,,,,,,,,,,,,,,,,,,,,,,,,,,,,,,,,,,,,,,,,,,,,,,,,,,,,,,,,,,,,,,,,,,,,,,,,,,,,,,,,,,,,,,,,,,,,,,,,,,,,,,,,,,,,,,,,,,,,,,,,,,,,,,,,,,,,,,,,,,,,,,,,,,,,,,,,,,,,,,,,,,,,,,,,,,,,,,,,,,,,,,,,,,,,,,,,,,,,,,,,,,,,,,,,,,,,,,,,,,,,,,,,,,,,,,,,,,,,,,,,,,,,,,,,,,,,,,,,,,,,,,,,,,,,,,,,,,,,1,,,,,,,,,,,,,,,,,,,,,,,,,,,,,,,,,,,,,,,,,,,,,,,,,317,0.9491017964071856,0.6673686492318688,9,1.0,326,
VAR_003530,0.0054069023643215,0.0013500201173607,0.0091036561479167,8.879223021657428e-07,0.0188101642129039,5.199533403614839e-05,0.0112821239634985,0.0018549390063644,0.0040653,0.0640460859512322,6.777797604097376e-06,0.0193950380356575,0.028068618876837,0.0114041186009332,3.4308873101667934e-05,0.0416620507376533,0.0028210451923127,0.0009869716590836,0.0588514775784551,0.0420627222643313,0.0016913914866524,0.0512072508081812,0.0602851599078891,0.0118839168296173,0.056253814832714,0.0404493619786426,gnomADe_FIN,1.0,0.0054085083669852,0.0,0.0020861779837973,1.0,0.0299507232050067,0.0,6.89846049157693e-08,1.0,0.0188518812370769,1.0,1.4536447282691216e-08,1.0,0.0027017863123298,1.0,1.0,0.0154442334137907,1.0,1.0,0.0130757020483689,1.0,0.0,0.0515042676900618,1.0,1.0,8.458294257593158e-21,1.0,1.0,0.0112910964803244,1.0,1.0,0.0061522967659935,1.0,1.0,0.0056477732219693,1.0,1.0,0.0089652957908949,1.0,1.0,0.0006420078201712,1.0,0.0,1.2768232877243664e-06,1.0,1.0,0.0102474651619433,1.0,0.0,0.0022862871975586,1.0,1.0,0.0077202000001097,1.0,1.0,0.0261452910466127,1.0,1.0,8.370900000052903e-05,1.0,1.0,0.0112760469769655,1.0,1.0,0.0059562050465474,1.0,1.0,0.0113710546152453,1.0,AllofUs_EUR,1.0,0.0010996884519634,1.0,A/A,A/A,5.253171881986436,5.648754047851667,4.034934433286951,1.0,0.0022197547982577,1.0,1.0,0.0099450000684805,1.0,0.0,0.004148590948571,1.0,1.0,0.0083171249711887,1.0,1.0,0.0132185960500469,1.0,1.0,0.0098608193354867,1.0,0.0,0.0048945713881851,1.0,1.0,0.0121521031283643,1.0,1.0,0.0051495205121666,1.0,1.0,0.0020322000487238,1.0,1.0,0.0149559073013407,1.0,1.0,0.0122915431017422,1.0,1.0,0.0034952792030896,1.0,1.0,0.0029172534049768,1.0,1.0,0.0002799816643003,1.0,1.0,0.0170540237226783,1.0,1.0,0.0748908104686556,1.0,1.0,0.0038440351674117,1.0,0.0,0.0077235642936143,1.0,1.0,0.0021370722461615,1.0,1.0,0.0096931173607755,1.0,0.0,0.0006615070534983,1.0,0.0,0.0011556010926748,1.0,1.0,0.0818832348889915,1.0,1.0,0.0053370000000003,1.0,1.0,0.0653544068593765,1.0,1.0,0.0203302135735952,1.0,1.0,0.0396962869893719,1.0,1.0,0.006709069442685,264690.0,A/A,0.02016,1.0,0.017279284037699,0.0,0.0041410832575254,1.0,0.0,1.0,0.0043161289602892,1.0,1.0,1.0,1.0,0.0093120581358967,1.0,1.0,1.0,0.0014642323526299,1.0,0.0,1.0,0.0433414866673234,1.0,1.0,1.0,0.0117748464656618,1.0,1.0,1.0,0.0119631300574929,1.0,1.0,1.0,7.155604882861678e-09,1.0,0.0,1.0,,1.0,0.0077301079887645,0.0,0.0021881787017864,1.0,0.0,1.0,0.0039037461072971,1.0,1.0,1.0,1.0,0.0068734662773795,1.0,1.0,1.0,1.589982977875536e-06,1.0,1.0,1.0,0.0390634388148427,1.0,1.0,1.0,0.0113155388191853,1.0,0.0,1.0,0.0115386572640375,1.0,0.0,0.0,6.42331574586072e-08,1.0,1.0,0.0,1.0,0.0078026481129654,1.0,0.0021642667908008,1.0,0.0,1.0,0.0049807706497263,1.0,0.0,1.0,1.0,0.0125070298816213,1.0,0.0,1.0,5.205365961918266e-10,1.0,1.0,1.0,0.0225296802430606,1.0,1.0,1.0,0.0113445491433325,1.0,1.0,1.0,0.0121749313834992,1.0,0.0,1.0,0.0220639899412956,1.0,0.0,1.0,1.0,0.0108437109806363,0.0,0.0035636365836904,1.0,0.0,1.0,0.0613590957611184,1.0,0.0,1.0,0.0043479754289766,1.0,1.0,1.0,1.0,0.0378840623529163,1.0,1.0,1.0,0.0070556023878225,1.0,0.0,1.0,0.0667369221987113,1.0,1.0,1.0,0.0126215625152765,1.0,0.0,1.0,0.01925415001745,1.0,1.0,1.0,2.9643660007631133e-05,1.0,1.0,1.0,1.0,0.3436799695899873,0.9548451825020212,4.627214766193799,0.756,11.309145936036014,M,T,1,0.0,0.0,1.9,149.2,1.0,0.0,-0.7,119.1,2.5999999999999996,30.099999999999994,0.0,1.0,29.67387593243144,21.196204110601887,5.253171881986436,1.8054099526520746,5.015965864369825,24.307554501681704,3.9713979427817456,59.40888744046556,22.792352212845735,5.648754047851667,1.9413636193869785,5.393685589729956,26.137998140816226,4.27045806017586,63.88258388392866,4.034934433286951,1.386726143329652,3.8527377053355685,18.670508190329187,3.050410431564935,45.631662348378896,0.3436799695899873,0.9548451825020212,4.627214766193799,0.756,11.309145936036014,0.32816116328544054,1.5902810301318249,0.2598220570100304,3.886726931385586,4.418273727902365,0.721862957971528,10.798483515236299,3.4981743632425117,52.32984706826643,8.549714327643226,0,0.0,0.0,0,0.0,0,0.0
VAR_002310,0.0076180470027842,0.001350000000005,0.0794744120514424,0.0224470141287478,3.877259101615467e-09,0.0396994621342616,0.0014400098853772,0.0011286000120275,0.0001207900877256,3.291280386498169e-05,0.0013626660681001,3.246647329752609e-07,0.0002250435966689,0.0037744330906394,0.0217363445599663,0.0309605179925336,0.0063828637362905,0.061562589715925,0.0039247883867965,0.0873680404182622,0.0409191633863926,0.0041994765246783,4.360770508297145e-05,0.0044884412437172,0.0208958436481901,0.0295657164593232,SAS,1.0,0.0074497490955356,0.0,0.002668623576784,1.0,0.0012968300891439,0.0,0.0228179212266581,0.0,0.0019786740642434,1.0,0.0295407720580875,0.0,0.0443699367531411,1.0,1.0,0.0010423909313185,1.0,1.0,8.678895570871335e-06,1.0,1.0,4.790450699822973e-12,1.0,0.0,4.054079017470663e-08,0.0,1.0,2.576340991346073e-05,1.0,0.0,1.7625412359608668e-06,1.0,0.0,0.000273423990108,1.0,1.0,0.0011897797804039,1.0,0.0,0.0004601015104915,1.0,0.0,0.0146777454119073,1.0,1.0,0.0029178772002897,1.0,1.0,0.000834213231315,1.0,1.0,0.0005868,1.0,0.0,0.0308254145021489,1.0,1.0,0.0203878852477174,1.0,0.0,0.0162480294072992,1.0,0.0,0.0032100409850993,1.0,1.0,0.0266940000929007,0.0,AllofUs_SAS,1.0,0.0267086082452652,1.0,G/G,G/G,5.699315497867989,5.717229760368742,5.832378946138567,1.0,0.0009457946076517,1.0,0.0,0.0009072929213848,1.0,0.0,0.0003343285145877,1.0,1.0,0.0004853423855892,1.0,1.0,0.0024756903059695,1.0,0.0,0.0668900088478852,1.0,0.0,0.0014456157724789,1.0,0.0,9.144000000288286e-05,1.0,0.44534132752412,0.0262296635697265,1.0,0.0,0.0002559920513015,1.0,0.0,6.443960279113394e-05,1.0,1.0,0.0002409693310331,1.0,1.0,0.0104303408911765,1.0,1.0,0.0013737301300077,1.0,1.0,0.025354901665151,1.0,0.0,0.0030295174445833,1.0,1.0,0.0034580283661118,1.0,1.0,0.001738756447673,1.0,0.0,0.0001289545265975,1.0,1.0,0.0009254848106504,1.0,0.0,0.0067199462296114,1.0,1.0,0.0173512796573291,1.0,1.0,0.0145710000003643,1.0,1.0,0.0052870537658754,1.0,0.0,0.0005003888338039,1.0,0.0,0.0020676945842826,1.0,1.0,0.0003399294156263,1.0,1.0,0.0047210578850579,1.0,1.0,0.0004563938829643,264690.0,G/G,0.0842839310579027,0.0,0.003423431840216,1.0,0.0042444365334159,1.0,0.0,0.0,0.0001052019184164,1.0,1.0,1.0,1.0,0.0760736005238006,1.0,0.7198598543633632,1.0,0.0250431746515559,1.0,1.0,0.0,0.003467073305294,1.0,1.0,0.0,9.549036289719563e-05,1.0,1.0,1.0,0.02219886,1.0,1.0,1.0,0.0221995002419515,1.0,0.0,1.0,,0.0,0.003116001230034,0.0,0.001268388129963,1.0,0.0,0.0,0.0001078133976982,1.0,1.0,1.0,1.0,1.988575757221448e-22,1.0,1.0,1.0,0.0016282662192133,1.0,1.0,0.0,6.432463194394827e-07,1.0,0.0,1.0,5.311290364957771e-05,1.0,0.0,1.0,0.0323534053226009,1.0,1.0,1.0,0.0227019609874923,1.0,1.0,0.0,1.0,0.003567996000106,0.0,0.0009991381134584,1.0,0.0,1.0,0.0001179479174026,1.0,0.0,1.0,0.5268226901687207,2.2004189453442394e-10,1.0,0.0,0.0,0.0007380466449487,1.0,0.0,0.834977906945026,2.155260521084288e-07,1.0,1.0,1.0,0.0199198348732118,1.0,1.0,1.0,0.0242605284591089,1.0,1.0,1.0,0.0249580767879416,1.0,1.0,0.0,0.0,0.0014017320002777,0.0,0.0011155500395612,1.0,1.0,1.0,0.0003676131598985,1.0,0.9621342533392097,1.0,0.0486977055236543,1.0,0.0,1.0,0.0,9.446246875465964e-07,1.0,1.0,1.0,0.0030434294642974,1.0,0.0,0.0,0.0009874281260218,1.0,0.0,0.0,4.194850101770443e-05,1.0,0.0,1.0,0.0215109014691017,1.0,0.0,1.0,0.0215109086852377,1.0,1.0,0.0,0.9448424527612715,0.9284244642153758,0.9769103576044704,5.203873500602281,0.7238631970549929,8.888267953014552,T,I,1,1.0,0.0,-0.7,119.1,0.0,0.0,4.5,131.2,5.2,12.099999999999994,0.0,1.0,32.584296178141656,33.240567717166506,5.384955234065918,5.291383937502475,5.567720341122918,29.658516890927125,4.125524737311791,50.65704329381922,33.34505048461149,5.4018813897865385,5.3080159770665505,5.5852209697087485,29.751740446837626,4.138492212638469,50.81627005910655,5.510679228902764,5.414923298169738,5.697711401957012,30.35096224328115,4.221844470388094,51.839746876800206,0.8772148479728251,0.9230263784068987,4.916840602168444,0.6839366785690552,8.398012893525674,0.9069874753453817,4.831403466641265,0.6720523008910109,8.25208541208023,5.083717922401802,0.7071494546917084,8.6830410244638,3.7668925092157246,46.25342206694491,6.433890056750551,0,0.0,0.0,0,0.0,0,0.0
VAR_003030,0.0001807063785293,0.0419261788892237,5.140645047308614e-13,0.0006368633360961,1.0134625532566829e-05,0.0009130222955463,,,,,,,,,,5.911200000001661e-06,0.0020811303532125,0.0212244626356195,1.0238520402769574e-22,4.998599993094783e-05,1.4844563987892148e-17,5.984129985931702e-05,0.0026933883176049,2.174631454114004e-05,0.0006121205372089,0.0839453599887882,SAS,0.0,0.0001902159549857,0.0,6.340712110696975e-12,0.0,0.0004685252209138,1.0,2.5310996372608843e-05,0.0,0.0009721849071674,0.0,0.0009235643587654,,,,,,,,,,,,,,,,,,,,,,,,,,,,,,,,,,,,,0.0,1.2280426566014752e-06,1.0,0.0,7.105669321992337e-06,1.0,1.0,5.9386088303425184e-05,1.0,1.0,0.0030635204960259,1.0,1.0,1.3409278105334611e-10,0.0,0.0,3.914436214394832e-05,1.0,1.0,0.0120769418376679,1.0,AllofUs_SAS,0.0,0.0025218745623473,1.0,G/G,G/G,5.891438932989662,3.976517781742276,-0.5646387417532646,,,,,,,,,,,,,,,,,,,,,,,,,,,,,,,,,,,,,,,,,,,,,,,,,,,,,,,,,,,,,,,,,,,,,,,,,,,,,,,,,,,,,,,,G/G,0.0009307309622807,,,,,,,,,,,,,,,,,,,,,,,,,,,,,,,,,,,,,,,,,,,,,,,,,,,,,,,,,,,,,,,,,,,,,,,,,,,,,,,,,,,,,,,,,,,,,,,,,,,,,,,,,,,,,,1.0,0.00171356198747,1.0,0.0011695864602083,1.0,1.0,0.0,2.0239420700100112e-08,1.0,0.0,0.0,0.0104752915145302,1.0,0.0,1.0,0.0,0.0054969116331811,1.0,1.0,1.0,0.0006087373521731,1.0,1.0,1.0,0.0001463231497679,1.0,0.0,1.0,7.397279351352313e-06,1.0,0.0,1.0,0.0103787240097934,1.0,0.0,1.0,0.0011425186464641,1.0,1.0,0.0,0.855903243815543,0.8653635936031767,0.0623764651507128,1.470402372547364,-0.1591000577640184,0.7592660797974896,A,V,1,0.0,0.0,1.8,89.1,0.0,0.0,4.2,117.1,2.4000000000000004,28.0,0.0,0.0,23.427411677082134,-3.3265346662394784,5.042501693487033,5.098236766545599,0.36748713529118227,8.66278578478591,-0.9373282745518422,4.473169743017366,-2.2452959968424415,3.4035144684834013,3.4411337176354286,0.24804112283403687,5.8470811807506236,-0.6326642087748424,3.0192350673884674,-0.4832761306505458,-0.4886178106511811,-0.035220168797714835,-0.8302461455061586,0.08983405642874706,-0.4287110439527883,0.7406675068448342,0.05338821886024226,1.2585221603773593,-0.1361742555314636,0.6498583006177823,0.05397832203908415,1.272432681150224,-0.13767939772914395,0.657041223314552,0.09171850234872608,-0.009924099208593688,0.047360334166606434,-0.2339411024086353,1.116426645128965,-0.1207992771540404,240,0.718562874251497,0.5414884033428661,0,0.0,240,0.5455804166209506
VAR_005837,,,,,,,0.0418301226731822,1.664646978728415e-11,0.0034597608036451,0.0035864031038419,9.50930734206844e-06,1.0944913063553124e-05,0.0175688391955671,0.0038562577664765,7.109687303405912e-24,,,,,,,,,,,0.000670712270447,gnomADe_NFE,,,,,,,,,,,,,,,,,,,,,,,,,,,,,,,,,,,,,,,,,,,,,,,,,,,,,,,,,,,,,,,,,,,,,,,,,,C/C,C/C,4.28654176273249,0.8440136072057804,-1.8574300494304112,0.0,0.0027730899529048,1.0,1.0,5.475734160464856e-07,1.0,0.0,7.734863496510795e-11,1.0,0.0,0.0034618420380099,1.0,1.0,8.842553306258765e-07,1.0,1.0,9.420131332649776e-05,1.0,0.0,0.0010093733462122,1.0,1.0,7.1361e-07,1.0,1.0,2.6056242582372044e-09,1.0,1.0,3.3879456644538414e-07,1.0,0.0,3.6363706989608287e-06,1.0,0.0,1.008003213894466e-06,1.0,0.0,0.0285335057847847,1.0,1.0,0.0009752105794945,1.0,0.0,0.0347856942169295,1.0,1.0,3.456074274783778e-07,1.0,1.0,1.7204603167552696e-06,1.0,1.0,5.262176540407235e-07,1.0,0.0,0.0003596140229102,1.0,1.0,0.0005196368794257,1.0,0.0,1.1304000016537896e-09,1.0,0.0,0.0214634446836789,1.0,0.0,1.8596505853904838e-10,1.0,1.0,0.0552358249370443,1.0,1.0,1.3581404068992956e-05,1.0,0.0,0.0001769377006223,1.0,1.0,0.0228579698794575,1.0,0.0,0.0014823617726382,1.0,,,,C/C,3.5913976506486754e-06,,,,,,,,,,,,,,,,,,,,,,,,,,,,,,,,,,,,,,,,,,,,,,,,,,,,,,,,,,,,,,,,,,,,,,,,,,,,,,,,,,,,,,,,,,,,,,,,,,,,,,,,,,,,,,1.0,0.0668870519042657,1.0,0.0053758418650691,1.0,0.0,0.0326008273209033,8.396575095132738e-09,1.0,0.0,0.0,1.464641688859505e-07,1.0,1.0,1.0,0.0,4.3941438569587276e-08,1.0,0.0,1.0,3.5740282372238263e-09,1.0,1.0,1.0,0.0087377306718589,1.0,1.0,0.0,0.0865713256134499,1.0,1.0,1.0,0.0027387930146214,1.0,1.0,0.0,4.02475016967702e-13,1.0,0.0,0.0,0.9285819273924236,0.6299596201611303,0.0065753106799015,0.0999089663979775,-0.2332172956065561,-2.0470815711565304,D,E,1,1.0,-1.0,-3.5,133.1,1.0,-1.0,-3.5,147.1,0.0,14.0,0.0,0.0,3.6178995756020735,-7.961951478237731,3.9804052118862527,2.700348220655781,0.028185343832338745,0.4282639569363676,-0.9996956774090312,-8.774900646482509,-1.5676962361521725,0.7837357821245756,0.5316944914061789,0.0055496516854423575,0.0843245271217581,-0.19683857092766624,-1.7277647011162998,-1.724775975296696,-1.1701059284150512,-0.012213179641189753,-0.18557391639513665,0.43318481290651234,3.802310823901358,0.5849691182686214,0.006105714664346922,0.09277366058161883,-0.21656136585558447,-1.900882950874042,0.004142180218352172,0.06293861452276103,-0.14691747895531213,-1.2895787290046177,0.0006569324937745415,-0.0015334761745395334,-0.013460197317455076,-0.0233004989501826,-0.2045218039065968,0.47741482791114587,199,0.5958083832335329,0.4673804311891441,0,0.0,199,-1.2196683612579327
VAR_006466,,,,,,,0.0311516501932233,0.0487519775913757,0.0780851888073854,0.003889279190933,2.979901253183862e-05,2.396566178583521e-16,5.40125896237641e-06,0.0003212223096216,0.0154123111779764,4.417442923455258e-05,0.0002471299288107,4.1798829016177435e-09,6.374039514603364e-06,8.447361623926976e-08,0.0006502768447519,8.096639475668397e-09,0.0413761919541351,4.1315872958664387e-10,1.5272260705457409e-06,0.0005028300000051,gnomADg_EAS,,,,,,,,,,,,,0.0,1.4527229491699674e-07,1.0,0.0,4.5821059737711764e-09,1.0,1.0,2.0692582003054776e-06,1.0,0.0,3.23131544810196e-17,1.0,1.0,0.0096331379085449,1.0,1.0,0.0260277464083301,1.0,0.0,0.000392850697003,1.0,0.0,0.0003267835554674,1.0,0.0,0.0018294270896983,1.0,1.0,5.400109052016751e-10,1.0,1.0,0.004232042808195,1.0,1.0,0.0006160749413767,1.0,1.0,0.0001168200000008,1.0,1.0,0.002015136357756,1.0,1.0,8.331205581310397e-05,1.0,1.0,0.0105183329040629,1.0,1.0,1.8953258876058785e-12,0.0,1.0,0.0001938557378242,1.0,1.0,0.098539669025152,1.0,AllofUs_EAS,0.0,6.543747064292381e-06,1.0,G/G,G/G,5.001983112771395,3.712012163437506,2.4627256596270435,1.0,0.0003212608483696,1.0,1.0,1.6092317412497278e-05,1.0,1.0,0.0099169784588005,1.0,0.0,0.03232997561851,1.0,1.0,0.0001549529811357,1.0,1.0,1.0834077749861818e-05,1.0,1.0,0.0031119090167188,1.0,1.0,7.178726876309366e-06,1.0,1.0,0.0005787257423354,1.0,0.0,0.0721179521753166,1.0,0.0,5.711920762366061e-07,1.0,1.0,0.0446579986959613,1.0,0.0,0.0020722937243076,1.0,0.0,0.0022745002013811,1.0,1.0,4.947529465706596e-08,1.0,1.0,0.0022459095088353,1.0,0.0,0.070072303132143,1.0,1.0,8.897400958983512e-07,1.0,0.0,0.0006659804858494,1.0,0.0,3.300001980871278e-05,1.0,1.0,4.924777227179103e-05,1.0,0.0,0.0047006482248775,1.0,0.0,0.0116555363426923,1.0,0.0,0.0025382545369248,1.0,1.0,0.0001680910446129,1.0,0.0,5.511959489083538e-05,1.0,1.0,2.7657461709861973e-05,1.0,0.0,0.0030066483266412,1.0,1.0,0.0003256497540218,264690.0,G/G,0.0018144,1.0,0.0310290368087149,1.0,0.0031233895778292,1.0,0.0,0.0,0.0001319528605276,1.0,1.0,1.0,0.0,1.916317453229593e-26,1.0,0.0,1.0,8.946906510641973e-11,1.0,0.0,1.0,6.085334860735785e-12,1.0,0.0,1.0,2.4952549411760214e-13,1.0,1.0,1.0,0.0125623057360845,1.0,1.0,1.0,3.820001923006298e-06,1.0,1.0,0.0,,0.0,1.970672854162928e-05,0.0,0.0002332425356347,1.0,0.0,1.0,6.625562495154358e-05,1.0,0.0,1.0,1.0,0.0005145890399214,1.0,0.0,0.0,0.0005291551345189,1.0,0.0,0.0,0.0414670236353057,1.0,1.0,1.0,0.0003415895489395,1.0,0.0,0.0,7.266365619743099e-05,1.0,0.0,0.0,9.53545946451557e-13,1.0,0.0,1.0,0.0,1.778375718667112e-05,1.0,1.231586342433544e-05,1.0,1.0,0.0,7.567643373414326e-05,1.0,0.0,1.0,1.0,0.0003274262387779,1.0,0.0,0.0,0.0009507283246443,1.0,0.0,1.0,3.2535127617111806e-06,1.0,0.0,1.0,1.1597268201600218e-09,1.0,1.0,0.0,8.885376953348247e-05,1.0,1.0,1.0,0.0506072784612463,1.0,1.0,0.0,0.0,0.0066601365117543,1.0,4.710818538000646e-05,1.0,1.0,1.0,1.2460722361123657e-05,1.0,1.0,1.0,0.0121648065137817,1.0,1.0,1.0,0.0,0.0693784399891151,1.0,0.0,1.0,8.271670921982565e-05,1.0,1.0,1.0,2.3497488443860163e-13,1.0,1.0,1.0,9.326381925988513e-06,1.0,1.0,0.0,0.0001422158027354,0.0,1.0,0.0,0.0310888205465982,1.0,0.0,1.0,1.0,0.987103987005342,1.0,1.2995117305148325,-0.1238774615371871,3.784638377549065,I,M,1,0.0,0.0,4.5,131.2,0.0,0.0,1.9,149.2,2.6,18.0,0.0,0.0,18.567422155916415,12.318512160843266,5.001983112771395,4.937477473550035,5.001983112771395,6.500135730883524,-0.6196329706619979,18.930697252446954,9.14166760374524,3.712012163437506,3.664142006341487,3.712012163437506,4.82380335020078,-0.4598346440018003,14.048623691674518,2.4627256596270435,2.4309663175182155,2.4627256596270435,3.2003408837252216,-0.3050762031770928,9.320526044799346,0.987103987005342,1.0,1.2995117305148325,-0.1238774615371871,3.784638377549065,0.987103987005342,1.2827532103514026,-0.12227993618345828,3.7358316318521108,1.2995117305148325,-0.1238774615371871,3.784638377549065,-0.16098021441397461,4.918181967381633,-0.4688313950469965,18,0.05389221556886228,0.05249018262139668,0,0.0,18,0.2039625472930634
VAR_004461,0.3743366037854213,0.1232142264197331,0.369686110934494,0.6241500752756068,0.2943974028501181,0.5421357571908805,0.3103291550064613,0.1418641963980263,0.3862800239947115,0.311027554938117,0.6254100004378323,0.4582796428206375,0.2854800393482619,0.3210300000000164,0.5214600000406067,0.2812286817940378,0.1490521868433505,0.3069900000032595,0.3460225524766473,0.30285,0.6303812646672555,0.3703777898297735,0.3280361823127533,0.2942001111062519,0.5482845753129534,0.6311617658743014,gnomADe_EAS,1.0,0.3743431685134781,1.0,0.1232223933392751,1.0,0.3696560036678341,1.0,0.6241082120387729,1.0,0.2943715579015182,1.0,0.5458461404713582,1.0,0.1625071880391029,1.0,1.0,0.1654920578900903,1.0,1.0,0.0825000000627421,1.0,1.0,0.6687598690054968,1.0,1.0,0.6660000023076406,1.0,1.0,0.2882141493835548,1.0,1.0,0.2536317188930068,1.0,1.0,0.3907124993103342,1.0,1.0,0.2939699630083914,1.0,1.0,0.5441696838981159,1.0,1.0,0.5511187113321675,1.0,1.0,0.2813496051713598,1.0,1.0,0.1494018196462845,1.0,1.0,0.276661485010837,1.0,1.0,0.3546050560691778,1.0,1.0,0.6700921103596948,1.0,1.0,0.2849400639928151,1.0,1.0,0.3049069233003655,1.0,1.0,0.6173100788490037,0.0,AllofUs_EAS,1.0,0.538512910063591,1.0,G/G,G/G,4.653477395969629,0.0151372372876947,-1.5096156001635617,1.0,0.1614219474393819,1.0,1.0,0.3036125060060023,1.0,1.0,0.2782977246420947,1.0,1.0,0.297171615214438,1.0,1.0,0.2852105454675692,1.0,1.0,0.2858401240540679,1.0,1.0,0.5017862948329507,1.0,1.0,0.2893661560025364,1.0,1.0,0.2047925175889832,1.0,1.0,0.4731301707168436,1.0,1.0,0.3219668010628684,1.0,1.0,0.2856561457854257,1.0,1.0,0.1527378608696723,1.0,1.0,0.4278257951344866,1.0,1.0,0.5362153379459262,1.0,1.0,0.2847600008650501,1.0,1.0,0.2786400060347176,1.0,1.0,0.2876029823700142,1.0,1.0,0.427730096860432,1.0,1.0,0.1545116632695938,1.0,1.0,0.3164400168268705,1.0,1.0,0.5054410894762577,1.0,1.0,0.4876351725391208,1.0,1.0,0.5849085962314141,1.0,1.0,0.3500912995716488,1.0,1.0,0.151650000000185,1.0,1.0,0.3206536330381659,1.0,1.0,0.1575000000308051,1.0,1.0,0.2678231055964824,264690.0,G/G,0.6660821820522983,1.0,0.3811689029271832,1.0,0.1561233771216884,1.0,1.0,1.0,0.4253294003327691,1.0,1.0,1.0,1.0,0.2886865861799343,1.0,1.0,1.0,0.6172832805557239,1.0,1.0,1.0,0.3639709235934398,1.0,1.0,1.0,0.3192493158211648,1.0,1.0,1.0,0.6247807146453352,1.0,1.0,1.0,0.5444181492339975,1.0,1.0,1.0,,1.0,0.3893895054293123,1.0,0.1625811833245221,1.0,1.0,1.0,0.4185718727026593,1.0,1.0,1.0,1.0,0.2988261000012922,1.0,1.0,1.0,0.6258388410574313,1.0,1.0,1.0,0.3637733910094821,1.0,1.0,1.0,0.2808042076608362,1.0,1.0,1.0,0.6249746734241313,1.0,1.0,1.0,0.5235759,1.0,1.0,1.0,1.0,0.3747015,1.0,0.1644887013241488,1.0,1.0,1.0,0.397476,1.0,1.0,1.0,1.0,0.2908854077702611,1.0,1.0,1.0,0.6220450220805094,1.0,1.0,1.0,0.3887575267911178,1.0,1.0,1.0,0.280685709270586,1.0,1.0,1.0,0.6237990627794059,1.0,1.0,1.0,0.5590137580850928,1.0,1.0,1.0,1.0,0.3072213001324236,1.0,0.1945906353791338,1.0,1.0,1.0,0.3097338056593882,1.0,1.0,1.0,0.3735721905546056,1.0,1.0,1.0,1.0,0.2963070000007711,1.0,1.0,1.0,0.6825406710532131,1.0,1.0,1.0,0.4501962512307307,1.0,1.0,1.0,0.2856437238597251,1.0,1.0,1.0,0.6266578129694561,1.0,1.0,1.0,0.5216656998892687,1.0,1.0,1.0,0.0093676373908913,0.0102416426578386,0.0555754317473979,-0.1625911059225826,-0.1583514986556729,0.3497536896251335,A,S,1,0.0,0.0,1.8,89.1,1.0,0.0,-0.8,105.1,2.6,16.0,0.0,1.0,0.0704407915557159,-7.02496207196426,0.04359208885215258,0.04765925260585024,0.25861901540776905,-0.7566140361964419,-0.736885119612089,1.627570888827536,-0.022851409552881476,0.00014180015001100286,0.0001550301751274791,0.0008412584977264433,-0.002461180151218836,-0.002397004210012989,0.005294304592102369,-0.01414153154196499,-0.015460943527573753,-0.08389753875169714,0.24545006994857677,0.23904989267988308,-0.5279936260728659,9.593999470571622e-05,0.000520610492451852,-0.0015230945232667526,-0.001483379419710555,0.003276365740534591,0.000569183712511948,-0.0016652000062018762,-0.0016217794635646115,0.0035820523074012087,-0.009036070909934432,-0.008800452905636521,0.019437712306162196,0.02574654529092421,-0.05686683919665416,-0.055384020912490964,0,0.0,0.0,0,0.0,0,0.0
VAR_001820,0.0005480567664287,4.742728383772208e-05,0.0369215311246391,0.0078082127090995,0.0073008333943047,0.0002423598951089,0.0001237500016644,0.004009365601915,0.0009518374414197,3.4443018960927225e-05,0.0001134359411306,0.0014621044947536,8.983992001563067e-05,0.0005862157790425,0.076538871782524,0.0061997632541936,0.0002984061433624,0.000112682457162,0.0339920704641726,3.368440730988493e-06,2.3613844090372094e-05,0.0008054385154331,0.0002102315380109,0.0017177877749557,0.0002114345059085,0.0028288002053277,gnomADg_AMR,1.0,0.0007862642701418,1.0,0.0002031810472998,0.0,0.0038084800526546,0.0,1.678754965799625e-06,1.0,0.0010462633785452,0.0,5.5138000662152694e-08,0.0,0.0104389979479207,1.0,0.0,0.0002430243967236,1.0,0.0,1.1467184374933788e-07,1.0,1.0,0.0002209275708651,1.0,0.0,0.0126392793749433,1.0,0.0,0.0003552615427928,1.0,1.0,0.0048978844022566,1.0,1.0,3.547347605651011e-10,1.0,0.0,0.0009310839639078,1.0,1.0,0.0041498084439882,1.0,0.0,3.3308043482084472e-06,1.0,0.0,0.000289238819592,1.0,1.0,0.0184644445137449,1.0,1.0,0.0004786200000019,1.0,1.0,0.0062501677427814,1.0,0.0,0.000342471950108,1.0,1.0,0.0001996630678779,1.0,1.0,0.0119499296552317,1.0,1.0,0.0021611783046671,1.0,AllofUs_AMR,1.0,4.129813574397747e-06,0.0,G/G,G/G,5.557111886386123,4.49952576322511,2.5347253581532514,0.0,0.0197710932701455,1.0,1.0,0.0462406787084652,1.0,0.3416662400462057,3.1384479844974766e-05,1.0,0.0,5.3084654379130224e-05,1.0,1.0,0.0585422817279212,1.0,1.0,0.0800573760332089,1.0,0.0,0.0074289176179543,1.0,1.0,0.0002598792162051,1.0,1.0,0.000778107283466,1.0,1.0,0.0009417672394121,1.0,0.0,0.004273530979552,1.0,0.0,0.0001067400021924,1.0,0.0,0.0004296600000586,1.0,0.0,0.0008472973563247,1.0,1.0,1.801800033936116e-05,1.0,1.0,0.0258042869916031,1.0,1.0,0.0008838900002122,1.0,0.0,0.0188196073964158,1.0,1.0,0.0026204530739895,1.0,0.0,0.0016044332023336,1.0,0.0,0.0094562896384892,1.0,0.0,0.083341934240475,1.0,0.0,0.0002104200000087,1.0,0.0,0.0002818806538809,1.0,1.0,0.0029400850471748,1.0,1.0,0.0281951342762266,1.0,1.0,0.0020304010443786,1.0,1.0,0.0005702412922099,1.0,1.0,0.001570543986635,264690.0,G/G,0.0049200174060479,1.0,0.0001892034360046,1.0,0.015535816911895,1.0,0.0,1.0,0.0073858280375749,1.0,0.0,1.0,1.0,5.551418104270626e-10,1.0,1.0,0.0,0.0028651326116757,1.0,0.0,0.0,1.2472626590587974e-05,1.0,1.0,1.0,0.0002590450514003,1.0,1.0,1.0,0.0002989251421851,1.0,0.0,1.0,5.737681507047459e-05,1.0,1.0,0.0,,1.0,0.0002014833421149,0.0,6.039459307217305e-05,1.0,0.0,0.0,0.0065125461433891,1.0,1.0,1.0,1.0,6.590020695861602e-05,1.0,0.0,1.0,0.0194243423460987,1.0,0.0,0.0,4.279180774741849e-06,1.0,1.0,0.0,0.024936105897332,1.0,1.0,0.0,0.0005517083851028,1.0,1.0,1.0,5.955745601477428e-05,1.0,0.0,1.0,1.0,0.0780646205088258,0.0,5.550903217602388e-05,1.0,0.0,1.0,0.0030508162803104,1.0,0.0,1.0,0.0,0.0251457681596896,1.0,0.0,1.0,0.0002021675434619,1.0,0.0,1.0,9.988212199538451e-07,1.0,0.0,1.0,0.0002114114089364,1.0,1.0,1.0,0.0005592208121416,1.0,0.0,1.0,5.881068535208738e-05,1.0,1.0,1.0,0.0,0.0001518942063462,0.0,4.798207315057719e-05,1.0,0.0,1.0,0.0015092225877994,1.0,1.0,0.0,0.0013958921604969,1.0,1.0,1.0,0.0,3.0405420000000014e-05,1.0,1.0,0.0,0.0001853639440418,1.0,1.0,1.0,1.808701818933863e-18,1.0,0.0,1.0,0.0709240962443425,1.0,1.0,1.0,0.0013950904492552,1.0,1.0,0.0,0.0063743559278381,1.0,0.0,0.0,0.9715298680041772,1.0,1.0,2.506986367892891,0.6859184972904634,8.73396034664669,V,M,1,0.0,0.0,4.2,117.1,0.0,0.0,1.9,149.2,2.3000000000000003,32.099999999999994,0.0,0.0,25.00436810191885,14.085752416517755,5.398900177465154,5.557111886386123,5.557111886386123,13.931603744025558,3.8117258343849416,48.53559485757538,11.40506205171055,4.371423670827486,4.49952576322511,4.49952576322511,11.280249750388208,3.086307950031093,39.298679594723296,2.462561392633469,2.5347253581532514,2.5347253581532514,6.354521919242628,1.7386150087085097,22.138190767750327,0.9715298680041772,0.9715298680041772,2.435612135087252,0.6663903071342274,8.485303342731376,1.0,2.506986367892891,0.6859184972904634,8.73396034664669,2.506986367892891,0.6859184972904634,8.73396034664669,1.7195883221927688,21.89591952676032,5.990784956366392,0,0.0,0.0,0,0.0,0,0.0
VAR_001955,,,,,,,0.0011906315091776,0.0013031762102987,0.0007453827658796,0.0039373760705724,0.02478917756153,2.2062802122556885e-06,0.000370170123078,0.0004183200008948,2.089412878554079e-05,0.0002841324123515,0.0007915018000373,0.0011334104997028,0.0005031369984482,0.0177686190132104,8.199462125049054e-06,1.6969715825603796e-10,0.0004665415947359,0.0402771491772234,0.0003134307642713,0.0022133061979169,gnomADe_ASJ,,,,,,,,,,,,,0.0,0.0556001533859548,1.0,1.0,0.0002268851842288,1.0,0.0,5.889186827955852e-05,1.0,0.0,1.1015159414136232e-11,1.0,0.0,1.0405984386617382e-06,1.0,1.0,0.0005441359400646,1.0,1.0,0.0001428132593408,1.0,1.0,0.0030681036000766,1.0,1.0,0.0005984490083298,1.0,1.0,0.0011975238177796,1.0,0.0,0.0007818712272625,1.0,0.0,0.004540961611117,1.0,0.0,6.527747801919648e-05,1.0,1.0,0.0004995894609269,1.0,1.0,0.0015184038174817,1.0,1.0,0.0009187627443672,1.0,1.0,0.0220688446872281,1.0,0.0,0.0014416446021268,1.0,1.0,0.0011563036627065,1.0,AllofUs_MID,1.0,0.0001669909473202,0.0,G/G,G/G,6.045564470143459,5.531735176580964,,1.0,0.0027042750230806,1.0,1.0,0.0005424226409904,1.0,1.0,9.229900616480324e-11,1.0,0.0,0.0019386002675184,1.0,0.0,0.0222299591963959,1.0,1.0,0.0026202342235495,1.0,0.0,0.0003078900003795,1.0,1.0,0.0004768743556224,1.0,0.0,0.0001008355964492,1.0,0.0,0.0015298688118228,1.0,1.0,0.0002390568575564,1.0,0.0,0.0003040205143135,1.0,1.0,0.0022764017508751,1.0,1.0,0.0005505306134476,1.0,0.0,3.305583283378447e-05,1.0,0.0,0.0051111823615429,1.0,1.0,0.0009495000000001,1.0,0.0,0.0675871266232268,1.0,1.0,0.0034598965716461,1.0,0.0,0.0001664554930991,1.0,1.0,0.0004092311486615,1.0,1.0,0.0150354208506616,1.0,0.0,0.0197359756677092,1.0,1.0,0.0010340918923874,1.0,1.0,0.00089118,1.0,0.5549362205206633,0.0342566653961601,1.0,1.0,0.0009323808663609,1.0,0.0,0.0769104344072098,1.0,1.0,0.0003428111041783,264690.0,G/G,0.0038790002204263,0.0,0.0004115151236661,1.0,0.0029834309360231,1.0,1.0,0.0,0.0042674207630808,1.0,0.0,1.0,0.0,0.0471084193168643,1.0,1.0,1.0,8.592491712362719e-05,1.0,1.0,0.0,0.0031066031658995,1.0,0.0,1.0,0.0695565602752903,1.0,0.0,0.0,0.0011073919031459,1.0,0.0,1.0,0.0007754066143319,1.0,0.0,0.0,,1.0,0.0003654519997451,1.0,0.0014588905158884,1.0,0.0,0.0,0.0007898895,1.0,1.0,1.0,1.0,0.0023537857446659,1.0,1.0,0.0,2.9388388943899925e-05,1.0,0.0,0.0,0.0536240301577825,1.0,0.0,1.0,0.0003076776000118,1.0,1.0,1.0,0.0507460127724233,1.0,0.0,1.0,0.0013951739568697,1.0,0.0,0.0,1.0,0.0003477474839815,1.0,0.0015024150062999,1.0,1.0,0.0,0.0014707948933366,1.0,1.0,1.0,1.0,0.0020303006202626,1.0,0.0,0.0,0.0363141511313053,1.0,0.0,0.0,9.939933768422873e-05,1.0,0.0,1.0,0.000323196138174,1.0,1.0,1.0,0.0412126965451377,1.0,0.0,1.0,1.934738611509129e-11,1.0,1.0,0.0,0.0,0.0038552458534528,1.0,0.0005740705706876,1.0,0.0,1.0,0.0563686281791466,1.0,0.0,1.0,0.0555108739873972,1.0,1.0,1.0,1.0,0.0021335672508179,1.0,1.0,0.0,0.0139774547180851,1.0,0.0,0.0,3.6982234720136324e-07,1.0,1.0,1.0,0.0029665140548136,1.0,1.0,0.0,0.0254390745965686,1.0,0.0,1.0,2.36162709286309e-05,1.0,1.0,1.0,0.9856369723182404,1.0,1.0,5.496623304080822,0.6574144689457551,11.14198912768042,D,H,1,1.0,-1.0,-3.5,133.1,1.0,1.0,-3.2,155.2,0.2999999999999998,22.099999999999994,1.0,0.0,33.44246164178063,,5.958731860306926,6.045564470143459,6.045564470143459,33.23019055291356,3.974441555616687,67.35961359702945,,5.452282711111569,5.531735176580964,5.531735176580964,30.40586448359857,3.636642743460527,61.63453319467243,,,,,,,0.9856369723182404,0.9856369723182404,5.417675151408105,0.647972006729898,10.981956429409681,1.0,5.496623304080822,0.6574144689457551,11.14198912768042,5.496623304080822,0.6574144689457551,11.14198912768042,3.6135596904471554,61.24331709302335,7.3249048653734,18,0.05389221556886228,0.05249018262139668,1,0.1111111111111111,19,0.6004664799348729
VAR_005290,,,,,,,0.052565726326621,0.0036279455564984,0.0043576103688935,0.00199703795616,3.684854118295473e-07,2.8761916967357053e-07,1.1331000533293513e-05,0.0197548146953791,0.0322330845586901,0.0006077517542761,6.190896726399957e-11,1.3090570322183262e-18,0.0371610244221313,2.114429636181178e-06,5.000728904557815e-10,0.0743891727422766,0.0004059826215886,0.0046597991433804,4.4673467842270265e-11,0.0015478378606223,gnomADe_SAS,,,,,,,,,,,,,,,,,,,,,,,,,,,,,,,,,,,,,,,,,,,,,,,,,,,,,,,,,,,,,,,,,,,,,,,,,,,,,,,,,,,,,,,,,,,,,,,,,,,,,,,,,,,,,,,,,,,,,,,,,,,,,,,,,,,,,,,,,,,,,,,,,,,,,,,,,,,,,,,,,,,,,,,,,,,,,,,,,,,,,,,,,,,,,,,,,,,,,,,,,,,,,,,,,,,,,,,,,,,,,,,,,,,,,,,,,,,,,,,,,,,,,,,,,,,,,,,,,,,,,,,,,,,,,,,,,,,,,,,,,,,,,,,,,,,,,,,,,,,,,,,,,,,,,,,,,,,,,,,,,,,,,1,,,,,,,,,,,,,,,,,,,,,,,,,,,,,,,,,,,,,,,,,,,,,,,,,314,0.9401197604790419,0.6627497033755743,9,1.0,323,
VAR_003692,0.0090630306500568,0.0007205109044357,0.0738611157258951,0.0302540837637834,0.0311755135234809,0.0193500826022816,0.0060921027841896,0.0041286746939533,0.0353244634254053,0.0096451134832225,6.807624324164693e-05,0.000734704727194,0.0051641630649087,0.0055755179775165,0.0131130000008557,0.0076199860994224,0.0022577760811838,0.0520515324020621,0.0457020000033857,0.0014018157278146,3.987105210522694e-10,0.0012598105497052,0.0046580394862763,0.008931600066964,0.0126784074812091,0.0682982386270358,gnomADg_AMR,1.0,0.0093250658854654,0.0,0.0099851046583948,1.0,0.0346778281977707,0.0,0.0013982963465018,0.0,0.0026839202807793,1.0,0.027301061917088,0.0,0.0496836477392989,1.0,0.0,0.0017215574701153,1.0,0.0,0.039036380186287,1.0,0.0,0.0296546385301308,1.0,1.0,0.0001766396507159,1.0,1.0,0.0046957067725284,1.0,1.0,0.0567974554273386,1.0,1.0,0.0290863235857676,1.0,1.0,0.005982279478128,1.0,0.0,0.0494544084664008,1.0,1.0,0.0366305628938806,1.0,1.0,0.004858848483322,1.0,1.0,0.0035836128490128,1.0,1.0,0.0074124000117732,1.0,1.0,0.0267640030260457,1.0,0.0,8.371474020429165e-05,1.0,1.0,0.0044505,1.0,1.0,0.0053847659777783,1.0,1.0,0.0267120000001019,1.0,AllofUs_AMR,1.0,0.0220623318662017,1.0,G/G,G/G,5.576030334697849,5.622364992583938,,1.0,0.0026415,1.0,1.0,0.021767187199668,1.0,0.0,0.0011016,1.0,0.0,0.0492151804044286,1.0,1.0,0.0056274998035906,1.0,0.0,0.0036900767192565,1.0,1.0,0.0494598611291156,1.0,1.0,0.0062373072413297,1.0,1.0,0.0032076000000937,1.0,1.0,0.0974284402296513,1.0,0.0,0.0028245338875159,1.0,0.0,0.0107165839802532,1.0,0.0,0.0019986818371432,1.0,1.0,0.0361260000004452,1.0,1.0,0.0172941815777488,1.0,1.0,0.0052842208181972,1.0,1.0,0.0052759014298187,1.0,1.0,0.0988395943923027,1.0,1.0,0.0363129831353293,1.0,1.0,0.0024372000042992,1.0,1.0,0.0084593067116763,1.0,1.0,0.0151400981965994,1.0,1.0,0.0189586660678517,1.0,0.0,0.0052001645107845,1.0,1.0,0.0224910007238376,1.0,0.0,0.002006950482502,1.0,1.0,0.016516304130099,1.0,1.0,0.0027738944810646,1.0,1.0,0.008930483584615,264690.0,G/G,0.0385001991000495,1.0,0.0089102430008872,0.0,0.0008819441511303,1.0,0.0,1.0,0.0334436439486871,1.0,1.0,1.0,1.0,0.0025619955712514,1.0,1.0,1.0,0.0264827124242383,1.0,1.0,0.0,0.0152229308222692,1.0,1.0,1.0,0.012320472814953,1.0,0.0,1.0,0.0347693345603831,1.0,0.0,1.0,0.0143098409523086,1.0,0.0,1.0,,1.0,0.008850861011145,1.0,0.0010941783549005,1.0,0.0,1.0,0.1106104200105946,1.0,0.0,1.0,1.0,0.0015733374964921,1.0,1.0,1.0,0.0100583466037336,1.0,1.0,0.0,0.0007083435874587,1.0,0.0,1.0,0.0055485584023703,1.0,1.0,1.0,0.0537997053822193,1.0,1.0,1.0,0.0127626300000028,1.0,1.0,1.0,1.0,0.0467077183663295,1.0,0.0052919719485943,1.0,1.0,1.0,0.0566922203412488,1.0,1.0,1.0,1.0,0.0009060038961787,1.0,0.0,0.0,0.0002014640177719,1.0,0.0,0.0,0.0007529580005103,1.0,0.0,1.0,0.0045463024585294,1.0,1.0,1.0,0.0320077800541328,1.0,1.0,1.0,0.0132295546452334,1.0,1.0,1.0,1.0,0.0062417048404503,1.0,0.0010925091347638,1.0,0.0,0.0,0.0030030815577705,1.0,1.0,1.0,0.0379212769658551,1.0,1.0,1.0,1.0,0.0012476347387877,1.0,0.0,1.0,6.278070215563651e-05,1.0,1.0,1.0,0.000520101041956,1.0,0.0,1.0,0.0051314049524155,1.0,0.0,1.0,0.0379212301366189,1.0,0.0,1.0,0.0130950132233331,1.0,0.0,1.0,0.9858369230281492,0.8774297524729356,0.9738110234212566,7.784898714204008,0.7208683921610537,11.934,A,T,1,0.0,0.0,1.8,89.1,1.0,0.0,-0.7,119.1,2.5,30.0,0.0,1.0,31.350477751391285,,5.497056587870149,4.892574916355515,5.429999806860084,43.40883138295183,4.019584022014901,66.54434601428413,,5.542735004430132,4.933230323755423,5.475121007476011,43.769542001552324,4.052985212346578,67.09730382149671,,,,,,,0.8650026473512694,0.9600188629405045,7.674640594496674,0.7106586776363023,11.76497783941793,0.8544507652359293,6.8307017518308975,0.6325113748994364,10.471246666012012,7.581020184109829,0.7019895867223914,11.621460753509275,5.611887419244898,92.90498125531063,8.602843392050014,0,0.0,0.0,1,0.1111111111111111,1,0.0
VAR_000245,0.0011899798846619,0.0001294073342175,0.0033011573170602,7.564611495335092e-11,0.090873325818808,0.0016918548796444,0.0010170337875808,0.0163544586982157,0.0001408500000481,0.0001741996191999,4.010486774781128e-12,0.010854782815232,0.000813186922141,0.000938700392684,0.0007113700345689,0.0154902568130143,8.666100202795527e-05,3.102631857021802e-25,0.0001439123081517,0.0003245180524105,9.390554066025045e-06,0.0139333040248562,0.0023427702192022,0.0013428360982732,0.0822801718737305,0.0559319648536561,gnomADg_FIN,1.0,0.0036147827557054,1.0,4.726050375596349e-05,1.0,4.392627388456336e-05,1.0,3.003557287622222e-25,1.0,0.0036173384716082,0.0,0.0004766082543349,0.0,0.0001514263756441,1.0,0.0,0.0014447789015381,1.0,0.4814335181900975,0.0029270987140298,1.0,0.0,0.0002865354427164,1.0,0.0,0.0072651204568396,1.0,0.0,0.0010042163261678,1.0,0.0,0.0001974550242793,1.0,0.0,0.0001040595143085,1.0,0.0,0.0003029182357377,1.0,0.0,0.0004001190856247,1.0,0.0,0.0013433802544684,1.0,0.0,0.0008466740104045,1.0,0.0,0.0001334700000578,1.0,1.0,0.0004477101050081,1.0,1.0,0.0002368215315442,1.0,0.0,9.826897508633042e-05,0.0,1.0,0.000919052004694,1.0,0.0,0.0002709177574879,1.0,0.0,0.0732701361751168,1.0,AllofUs_EUR,0.0,9.012663209053183e-15,1.0,C/C,C/C,5.142176265596083,5.213105616546036,3.535192676038832,1.0,0.0001240929617017,1.0,0.0,0.0005451908543236,1.0,1.0,0.0026733292244294,1.0,0.0,0.0001873481594542,1.0,1.0,0.0023732989063,1.0,0.0,0.0004071823465756,1.0,0.0,0.0011347773326269,1.0,1.0,0.0005553900000025,1.0,1.0,0.0001184416696796,1.0,0.0,0.0005878691380639,1.0,1.0,0.0032167501917972,1.0,0.0,0.0007130967178702,1.0,0.0,9.56985608275278e-05,1.0,1.0,0.0296211309959,1.0,0.0,0.0025411184497731,1.0,0.0,0.0005228820303436,1.0,1.0,0.0001980564227137,1.0,1.0,0.0005623590306806,1.0,0.0,0.002062474076952,1.0,1.0,0.0012058124195832,1.0,1.0,0.0123188345598796,1.0,1.0,0.0045559768173943,1.0,1.0,0.0091772510720446,1.0,0.0,0.0733835049847555,1.0,1.0,0.0002834328533778,1.0,1.0,0.0001281603569355,1.0,0.0,0.0001521901256263,1.0,1.0,0.0001312258729996,1.0,0.0,0.0005050813793744,264690.0,C/C,0.0126019536747182,0.0,0.0022457274248471,0.0,0.0030728398946959,1.0,0.0,0.0,6.44760354626992e-05,1.0,1.0,1.0,0.0,1.0418963581368935e-06,1.0,0.0,0.0,2.9559905331917166e-06,1.0,0.0,1.0,0.015923796764812,1.0,0.0,1.0,0.0056222669016702,1.0,1.0,1.0,0.0030395649754034,1.0,1.0,0.0,2.7600097380974687e-06,1.0,0.0,0.0,,1.0,0.0024086644219479,0.0,1.3222338097458034e-10,1.0,0.0,1.0,0.0031792796894658,1.0,0.0,1.0,0.0,0.0013106302913052,1.0,0.0,0.0,0.0001223517191473,1.0,0.0,1.0,0.0169712750158307,1.0,0.0,1.0,0.0124040119650676,1.0,0.0,1.0,0.0025911792131337,1.0,1.0,1.0,8.554088171172959e-11,1.0,0.0,1.0,1.0,0.0015744633481752,1.0,0.0276919146648813,1.0,0.0,1.0,0.0002565687793422,1.0,0.0,1.0,0.0,0.0001943770375401,1.0,1.0,0.0,0.0011373320014489,1.0,1.0,1.0,0.0125313318415717,1.0,1.0,1.0,0.0017313101884754,1.0,1.0,1.0,0.0177690596304463,1.0,1.0,1.0,0.0002685973124479,1.0,1.0,1.0,0.0,0.0084292549549877,1.0,0.0097147461301003,1.0,0.0,1.0,4.006265357672618e-06,1.0,1.0,0.0,0.0053610783675178,1.0,0.0,1.0,1.0,5.226193964545764e-10,1.0,1.0,1.0,0.0001237419909003,1.0,1.0,1.0,0.020126305122448,1.0,1.0,1.0,0.0354689720496732,1.0,0.0,1.0,0.0113710204378595,1.0,1.0,1.0,0.0299059653994613,1.0,0.0,0.0,0.9621778617948132,0.973009695863182,0.9516739580479908,0.5833669275929134,0.6511495655051106,3.6196626322722674,R,H,1,1.0,1.0,-4.5,174.2,1.0,1.0,-3.2,155.2,1.2999999999999998,19.0,0.0,0.0,26.806707971448663,18.178583873035983,4.947688164203277,5.003387364262518,4.8936752396602605,2.9997755692019883,3.348325841093582,18.612943277135496,18.429332795030447,5.015934815438796,5.072402310458104,4.961176855820578,3.0411534067418216,3.394511457146203,18.869683598300366,3.4014841300637273,3.4397767505302923,3.3643508064681438,2.062314489869743,2.301939174979535,12.79620482734036,0.936208388671258,0.9156796140804226,0.5613027430331591,0.626521696646329,3.4827592519383157,0.9259879884811861,0.5676216767938196,0.6335748406935707,3.5219668369545634,0.5551751129766436,0.6196820842854781,3.4447386640529576,0.37985912143217687,2.1115914687115502,2.3569417502791716,0,0.0,0.0,0,0.0,0,0.0
VAR_005296,,,,,,,0.0014823565233602,9.274194632977788e-05,5.3452237436534506e-15,0.0135684856246229,0.0001191746149263,0.0003690738973711,6.639609173769422e-06,5.627397154399002e-05,4.44618686195997e-05,0.0166248034468888,5.371128387168138e-06,0.0191191753549495,1.832929317296074e-05,4.807678347222097e-14,1.941506319691086e-05,7.107112535376833e-06,3.98765089044966e-05,0.0707116774951965,3.610567339525656e-06,0.095873469001672,gnomADg_NFE,,,,,,,,,,,,,,,,,,,,,,,,,,,,,,,,,,,,,,,,,,,,,,,,,,,,,,,,,,,,,,,,,,,,,,,,,,,,,,,,,,,,,,,,,,,,,,,,,,,,,,,,,,,,,,,,,,,,,,,,,,,,,,,,,,,,,,,,,,,,,,,,,,,,,,,,,,,,,,,,,,,,,,,,,,,,,,,,,,,,,,,,,,,,,,,,,,,,,,,,,,,,,,,,,,,,,,,,,,,,,,,,,,,,,,,,,,,,,,,,,,,,,,,,,,,,,,,,,,,,,,,,,,,,,,,,,,,,,,,,,,,,,,,,,,,,,,,,,,,,,,,,,,,,,,,,,,,,,,,,,,,,,1,,,,,,,,,,,,,,,,,,,,,,,,,,,,,,,,,,,,,,,,,,,,,,,,,314,0.9401197604790419,0.6627497033755743,9,1.0,323,
VAR_002279,0.0035793526246841,0.0005597546386689,1.249975811708897e-07,4.69453810070769e-07,0.002157250948929,0.0008535745647815,0.0002752260242699,0.0010695651673701,0.0057865920886901,3.104454843818263e-05,0.0105618460909346,0.0063463738605907,0.0023066510093692,0.000359010006757,1.0467002132767284e-05,0.0004092148007971,0.0020866876686792,9.258333947065944e-17,5.9085380348364255e-05,1.3937369856164794e-19,1.2978796888463766e-06,0.0040992803099863,0.0002725356320543,0.0062001712017506,0.0765195685052786,0.0050049032444965,gnomADe_FIN,0.0,0.0003613305548894,1.0,5.827403981297667e-05,1.0,0.0104787566814774,0.0,0.003897887136406,0.0,0.0027020824501102,0.0,9.113584510498488e-09,0.0,0.0019777782152941,1.0,1.0,7.35907559768348e-05,1.0,0.0,4.524569229922804e-12,1.0,0.0,1.5979223125086113e-05,1.0,1.0,4.7906020490684976e-18,1.0,0.0,0.0003663200838662,1.0,0.0,1.584903991187641e-09,1.0,1.0,0.0001234950205842,1.0,0.0,0.0447753482473884,1.0,1.0,2.961461675532271e-14,1.0,1.0,0.000263798157536,1.0,1.0,0.0146448753291227,1.0,1.0,5.760557457885426e-05,1.0,1.0,0.00012105,1.0,1.0,0.0037493785614683,1.0,1.0,0.0021116927989821,1.0,0.0,0.0002013630082341,1.0,1.0,0.0001414519249519,1.0,0.0,0.0001962900000827,1.0,AllofUs_EUR,0.0,0.0007852606450378,0.0,C/C,C/C,5.277007345737415,5.158673907627019,,0.0,5.326578451547672e-05,1.0,0.0,0.0107733444751837,1.0,1.0,4.221504120258837e-12,1.0,1.0,0.0521578198274659,1.0,1.0,8.160653478159237e-05,1.0,0.0,0.0002732055640464,1.0,0.0,0.0032340319466528,1.0,0.0,0.0001017645596145,1.0,1.0,2.475292939530997e-05,1.0,0.0,2.2077379496442347e-05,1.0,1.0,0.0022455000000001,1.0,0.0,0.0540432588178014,1.0,1.0,5.5422000000000006e-05,1.0,1.0,0.0028979262565677,1.0,0.0,9.320354352320126e-06,1.0,1.0,0.0076936602598406,1.0,0.0,0.0002139110646388,1.0,1.0,6.586818904510521e-05,1.0,0.0,0.0287088879012871,1.0,0.0,0.0107109618326892,1.0,1.0,0.017370347533736,1.0,1.0,1.2112728549845935e-05,1.0,1.0,0.0088694724275541,1.0,1.0,1.909824331324789e-06,1.0,1.0,0.022168461611421,1.0,1.0,4.794300000006178e-05,1.0,1.0,0.0001171828409031,1.0,1.0,0.003520871561789,1.0,,,,C/C,0.0048594985171807,1.0,0.0048427691958024,1.0,0.0126601705320978,1.0,1.0,0.0,0.0013822578748297,1.0,1.0,1.0,0.0,1.7863708316172072e-06,1.0,0.0229049820191664,0.0,0.0042866583689029,1.0,0.0,1.0,0.0045710376683404,1.0,1.0,0.0,0.0002558565838878,1.0,1.0,0.0,0.0002529195550824,1.0,0.0,0.0,5.747859000000663e-05,1.0,1.0,0.0,,0.0,0.017928505177154,1.0,3.1749047697783423e-05,1.0,0.0,1.0,0.0001057745422783,1.0,1.0,1.0,1.0,1.4359661453651932e-22,1.0,0.0,0.0,5.326268932955749e-13,1.0,0.0,1.0,0.0225456479675732,1.0,0.0,0.0,0.0038920961589331,1.0,0.0,0.0,0.0708013285792791,1.0,0.0,0.0,0.0044422469270645,1.0,1.0,0.0,1.0,0.0075516279941091,0.0,0.0075078289897772,1.0,1.0,0.0,8.871085224754198e-05,1.0,0.0,1.0,0.0,0.0943886475997928,1.0,1.0,1.0,6.859729614204756e-08,1.0,1.0,1.0,0.00479013300001,1.0,0.0,0.0,0.000191519100005,1.0,0.0,1.0,0.0001915192928298,1.0,0.0,1.0,2.9729847881371588e-05,1.0,0.0,0.0,1.0,0.0004676365854828,0.0,8.757247164396444e-05,1.0,1.0,0.0,0.029893046470811,1.0,0.0,1.0,0.0007600008846337,1.0,0.0,1.0,0.0,2.6237372975678586e-06,1.0,1.0,1.0,9.771506476872188e-05,1.0,0.0,1.0,0.0048157110004028,1.0,0.0,0.0,0.000508267710189,1.0,0.0,1.0,0.0227442769217725,1.0,0.0,0.0,9.946478114358056e-06,1.0,1.0,0.0,1.0,0.5998082495168279,1.0,5.994575147469268,0.6031446964949176,7.660138937799295,R,C,1,1.0,1.0,-4.5,174.2,0.0,0.0,2.5,121.2,7.0,52.999999999999986,1.0,1.0,27.222360104811713,,5.277007345737415,3.165192538734201,5.277007345737415,31.633417087770276,3.182798993946244,40.42260944413608,,5.158673907627019,3.0942151663618964,5.158673907627019,30.924058400559105,3.111426808331949,39.51615886722297,,,,,,,0.5998082495168279,1.0,5.994575147469268,0.6031446964949176,7.660138937799295,0.5998082495168279,3.595595625800622,0.361771164609975,4.594614527337089,5.994575147469268,0.6031446964949176,7.660138937799295,3.6155962079363277,45.91927850269329,4.620172174747856,3,0.008982035928143712,0.008941937375661308,1,0.1111111111111111,4,0.06880364315388587
VAR_001414,,,,,,,,,,,,,,,,0.0357325029102819,2.8008808485399946e-05,9.13937630894986e-07,1.6729049559247605e-07,3.455264987124686e-08,2.5772164283308933e-08,0.0018789630249148,4.5689414291115246e-10,8.469098943921986e-06,3.079594447457057e-13,3.928508716390357e-05,gnomADg_AFR,,,,,,,,,,,,,,,,,,,,,,,,,,,,,,,,,,,,,,,,,,,,,,,,,,,,,,,,,,,,,,,,,,,,,,,,,,,,,,,,,,,,,,,,,,,,,,,,,,,,,,,,,,,,,,,,,,,,,,,,,,,,,,,,,,,,,,,,,,,,,,,,,,,,,,,,,,,,,,,,,,,,,,,,,,,,,,,,,,,,,,,,,,,,,,,,,,,,,,,,,,,,,,,,,,,,,,,,,,,,,,,,,,,,,,,,,,,,,,,,,,,,,,,,,,,,,,,,,,,,,,,,,,,,,,,,,,,,,,,,,,,,,,,,,,,,,,,,,,,,,,,,,,,,,,,,,,,,,,,,,,,,,1,,,,,,,,,,,,,,,,,,,,,,,,,,,,,,,,,,,,,,,,,,,,,,,,,323,0.9670658682634731,0.6765430255079101,9,1.0,332,
VAR_004302,,,,,,,0.0002851578684866,2.6883043781735043e-05,0.0497461374378178,0.088314891354071,0.0051576633495576,0.0005019124733695,0.0019751869382912,7.4518713728879e-05,0.0167344358182921,0.0211560139256134,0.0004501622016955,1.2899514700029882e-05,0.0123884835074838,1.3793594487191092e-07,0.0001913923938878,0.015013834001233,1.5543849629518992e-05,2.8035006139031305e-07,0.0208546029185197,0.0009433081018226,gnomADg_AMR,,,,,,,,,,,,,,,,,,,,,,,,,,,,,,,,,,,,,,,,,,,,,,,,,,,,,,,,,,,,,,,,,,,,,,,,,,,,,,,,,,,,,,,,,,,,,,,,,,,,,,,,,,,,,,,,,,,,,,,,,,,,,,,,,,,,,,,,,,,,,,,,,,,,,,,,,,,,,,,,,,,,,,,,,,,,,,,,,,,,,,,,,,,,,,,,,,,,,,,,,,,,,,,,,,,,,,,,,,,,,,,,,,,,,,,,,,,,,,,,,,,,,,,,,,,,,,,,,,,,,,,,,,,,,,,,,,,,,,,,,,,,,,,,,,,,,,,,,,,,,,,,,,,,,,,,,,,,,,,,,,,,,1,,,,,,,,,,,,,,,,,,,,,,,,,,,,,,,,,,,,,,,,,,,,,,,,,314,0.9401197604790419,0.6627497033755743,9,1.0,323,
VAR_004289,0.0001835011279033,0.0001957069110645,0.0032557147478756,3.440107238604212e-14,0.0377884196911513,3.2255205558728204e-10,0.00018099,0.055682067015501,0.0104015637923073,4.328272818177591e-05,0.0010030150037443,0.0284711429220786,0.0963160887333145,0.0461566112344469,1.1774203308422307e-05,0.0730162367946605,0.0008289509460368,3.0510809029140444e-08,5.8833e-05,6.055503609100305e-08,0.0001737255287985,1.2219796183353095e-06,0.0274767209999543,0.0004351529152662,1.7082024346641448e-11,0.0091623352077027,AMR,,,,,,,,,,,,,,,,,,,,,,,,,,,,,,,,,,,,,,,,,,,,,,,,,,,,,,,,,,,,,,,,,,,,,,,,,,,,,,,,,,,,,,,,,,,,,,,,,,,,,,,,,,,,,,,,,,,,,,,,,,,,,,,,,,,,,,,,,,,,,,,,,,,,,,,,,,,,,,,,,,,,,,,,,,,,,,,,,,,,,,,,,,,,,,,,,,,,,,,,,,,,,,,,,,,,,,,,,,,,,,,,,,,,,,,,,,,,,,,,,,,,,,,,,,,,,,,,,,,,,,,,,,,,,,,,,,,,,,,,,,,,,,,,,,,,,,,,,,,,,,,,,,,,,,,,,,,,,,,,,,,,,1,,,,,,,,,,,,,,,,,,,,,,,,,,,,,,,,,,,,,,,,,,,,,,,,,308,0.9221556886227545,0.6534473107132608,9,1.0,317,
VAR_004843,,,,,,,0.0106836330547318,2.6495292856375817e-05,2.757686104741237e-06,0.022899673542522,1.3942157297022368e-06,0.0001408930701729,8.143333360374415e-07,8.114705779787331e-07,7.88800869385054e-10,,,,,,,,,,,0.0426107403039411,gnomADe_NFE,,,,,,,,,,,,,,,,,,,,,,,,,,,,,,,,,,,,,,,,,,,,,,,,,,,,,,,,,,,,,,,,,,,,,,,,,,A/A,A/A,5.554221777020423,0.3882162300065982,-5.391665580291819,0.0,0.0368365524321784,1.0,0.0,0.0625290505124016,1.0,0.0,1.3853566118196452e-08,1.0,0.0,6.187950633300374e-06,1.0,1.0,7.40121283946376e-07,1.0,0.0,1.6076368321408074e-06,1.0,1.0,0.0007892645984461,1.0,1.0,0.0001588323309512,1.0,1.0,0.0001681539595927,1.0,1.0,0.0008437010191141,1.0,1.0,0.0009217130371649,1.0,0.0,5.824353700313934e-06,1.0,0.0,0.0005843205960767,1.0,1.0,2.512457828530247e-13,1.0,0.0,5.857251492758549e-14,1.0,0.0,1.7309617321829074e-06,1.0,1.0,2.6280073386688094e-06,1.0,0.0,6.052876095511984e-12,1.0,1.0,4.115639863020507e-05,1.0,0.0,8.620130733519782e-05,1.0,0.0,1.4309657624942968e-08,1.0,0.0,0.0001877585566308,1.0,0.0,4.6284582961543126e-05,1.0,1.0,0.0011187207619104,1.0,1.0,0.0016703275663844,1.0,0.0,6.15272605183948e-05,1.0,1.0,0.0475083314327231,1.0,0.0,0.0004773652323183,1.0,,,,A/A,0.0182004111337299,,,,,,,,,,,,,,,,,,,,,,,,,,,,,,,,,,,,,,,,,,,,,,,,,,,,,,,,,,,,,,,,,,,,,,,,,,,,,,,,,,,,,,,,,,,,,,,,,,,,,,,,,,,,,,0.0,6.557416151978242e-05,1.0,1.6148300103394397e-05,1.0,0.0,1.0,1.1214327706650552e-05,1.0,1.0,0.0,0.0283561605073833,1.0,1.0,1.0,1.0,4.72126515629024e-06,1.0,0.0,0.0,5.224324459622461e-12,1.0,0.0,1.0,3.916763727009749e-06,1.0,1.0,0.0,0.0006646579059803,1.0,1.0,1.0,1.6654310558057688e-05,1.0,1.0,1.0,5.163236285920468e-11,1.0,0.0,0.0,0.0255589044239362,0.0519952425751817,0.0472152658196766,-0.4273564094472604,0.6159882725774211,0.550222445222743,I,M,1,0.0,0.0,4.5,131.2,0.0,0.0,1.9,149.2,2.6,18.0,0.0,0.0,2.1562390388954173,-29.946506380468275,0.14195982354821007,0.28879310861253366,0.2622440576234558,-2.37363227590123,3.4213354779387046,3.0560574874615862,-2.0931320850372277,0.009922381518559476,0.020185397050815606,0.018329732495274243,-0.1659066941447716,0.2391366449082832,0.21360528334938528,-0.1378050652525051,-0.2803409597315309,-0.25456892358427907,2.3041628433338914,-3.321202767119096,-2.9666154194114642,0.0013289414354784473,0.0012067704664358557,-0.010922761624019074,0.015743985385071865,0.01406308288935256,0.0024549691995457697,-0.022220500175268974,0.03202845965613015,0.028608949509666148,-0.02017774647179495,0.02908405003154634,0.025978899011144255,-0.263246536430307,-0.23514108858768334,0.33893057356608214,199,0.5958083832335329,0.4673804311891441,0,0.0,199,0.3278271455069636
VAR_004938,,,,,,,2.1821965053202065e-05,0.0022249975297192,0.0269179135581366,0.0253592580613489,0.0399919151922141,0.0001942046129156,0.0049981416364007,7.210345109084504e-08,0.0307565685181658,0.0180909758584772,3.0053745846940793e-10,6.380877656673643e-07,0.0260494468616719,0.000909013188179,0.0078810553113331,6.321801550080222e-05,8.540114131101322e-15,1.1506282109005458e-12,1.0576363858526186e-05,0.0005183721018163,gnomADg_EAS,,,,,,,,,,,,,0.0,0.0001171147852466,1.0,1.0,1.8498321164518047e-06,1.0,0.0,0.0056384968971387,1.0,1.0,1.2387049751029404e-05,1.0,0.0,0.0002465330034722,1.0,1.0,0.0078212342057827,0.0,0.0,0.0002519047974654,1.0,0.0,5.134585733321915e-10,1.0,1.0,0.0524834895515462,1.0,0.0,1.2146933641157258e-10,1.0,0.0,2.796046151194765e-05,1.0,0.0,0.007151955262762,0.0,,,,,,,,,,,,,,,,,,,,,,,,,,A/A,A/A,5.173532253137103,5.272917565333177,4.359353654645563,,,,,,,,,,,,,,,,,,,,,,,,,,,,,,,,,,,,,,,,,,,,,,,,,,,,,,,,,,,,,,,,,,,,,,,,,,,,,,,,,,,,,1.0,0.0040885795742201,264690.0,A/A,0.0019517412246986,0.0,8.227347963483391e-06,0.0,0.0229137505038148,1.0,0.0,0.0,0.0257344403902365,1.0,1.0,1.0,0.0,0.0055943709528771,1.0,1.0,1.0,0.000469219064202,1.0,1.0,1.0,0.0016368632532054,1.0,0.0,1.0,0.0005279998003544,1.0,1.0,0.0,9.949148220607748e-05,1.0,1.0,0.0,0.0005591260749848,1.0,1.0,1.0,,0.0,3.807355197750693e-06,0.0,2.132291340183501e-06,1.0,0.0,1.0,2.49664960478632e-05,1.0,1.0,1.0,1.0,1.2032273703521893e-05,1.0,0.0,0.0,5.092537993857839e-05,1.0,0.0,1.0,0.0256296479983644,1.0,1.0,1.0,5.675317840783079e-05,1.0,1.0,1.0,0.0005322190476725,1.0,0.0,0.0,6.728098449181726e-07,1.0,0.0,0.0,1.0,6.717729421869087e-05,0.0,0.0040503116440112,1.0,1.0,0.0,0.0189511280388597,1.0,1.0,1.0,0.0,3.3587939210025115e-08,1.0,0.0,0.0,0.0012209889113294,1.0,0.0,0.0,1.780954290533927e-13,1.0,1.0,1.0,2.568657838264428e-07,1.0,0.0,0.0,6.709533319819514e-05,1.0,1.0,0.0,1.4339503309980315e-09,1.0,1.0,1.0,1.0,0.0002124227790228,0.0,0.0499062358809138,1.0,1.0,1.0,6.020066164983282e-18,1.0,1.0,0.0,3.256112398879577e-10,1.0,1.0,1.0,1.0,0.0466949557564414,1.0,0.0,0.0,0.0003645074209817,1.0,0.0,0.0,9.536445169582014e-05,1.0,0.0,0.0,0.0078489866847819,1.0,0.0,0.0,0.0003209931525467,0.0,0.0,1.0,2.7610521098538635e-10,1.0,0.0,0.0,0.4241194392672188,0.8691725543990781,0.9666647203480928,1.2006702110264451,0.7280077279107403,4.915474207012951,H,P,1,1.0,1.0,-3.2,155.2,0.0,0.0,-1.6,115.1,1.6,40.099999999999994,1.0,1.0,27.27960909238436,22.553256735139925,2.194195598231379,4.496692243725194,5.001071108690616,6.211706062126246,3.7663714608792755,25.43036434944503,22.98651245907997,2.236346841111376,4.583075229396406,5.097143383711342,6.3310350458936355,3.838724736198839,25.918890288100762,1.8488866275757772,3.7890305515372407,4.21403338146639,5.234146072462193,3.1736431492778987,21.42829044865791,0.36863297639819326,0.409981299153436,0.5092275766453892,0.3087622293437052,2.0847481644108097,0.8401984442324224,1.0435895943087354,0.6327643364904472,4.27239527259223,1.1606455337721642,0.7037393867120862,4.751615499700438,0.8740971922994714,5.901863453429288,3.578503209051347,126,0.3772455089820359,0.32008549650644025,0,0.0,126,1.8543405691126702
VAR_001584,,,,,,,0.0074769334096755,5.197280590234437e-13,0.0086828069693767,1.5300472086371118e-10,3.055500467774043e-09,0.0014703484479676,0.000421219803178,2.097597386760416e-05,0.0001714761536253,0.0112006923509195,4.348708099444765e-12,0.0075543385085684,0.0006477244340507,0.0271263576846552,3.362876007167663e-06,0.0045163406265591,2.4671591366431062e-05,6.700196903463016e-08,4.95143113112267e-07,1.323000210454056e-05,gnomADg_NFE,,,,,,,,,,,,,,,,,,,,,,,,,,,,,,,,,,,,,,,,,,,,,,,,,,,,,,,,,,,,,,,,,,,,,,,,,,,,,,,,,,,,,,,,,,,,,,,,,,,,,,,,,,,,,,,,,,,,,,,,,,,,,,,,,,,,,,,,,,,,,,,,,,,,,,,,,,,,,,,,,,,,,,,,,,,,,,,,,,,,,,,,,,,,,,,,,,,,,,,,,,,,,,,,,,,,,,,,,,,,,,,,,,,,,,,,,,,,,,,,,,,,,,,,,,,,,,,,,,,,,,,,,,,,,,,,,,,,,,,,,,,,,,,,,,,,,,,,,,,,,,,,,,,,,,,,,,,,,,,,,,,,,1,,,,,,,,,,,,,,,,,,,,,,,,,,,,,,,,,,,,,,,,,,,,,,,,,314,0.9401197604790419,0.6627497033755743,9,1.0,323,
VAR_004321,,,,,,,1.847704043373614e-06,1.1742215424164191e-38,9.251591312618826e-06,0.0106059092489854,0.0408216347210727,0.0002979989076399,0.0001425594200483,0.0045142590559468,0.0111816433382589,0.0057956234023379,0.0005642707968717,0.0475391919366641,0.0288322097710634,1.101183394940717e-07,0.004100487302875,0.0010804096394131,0.0065653472500734,8.395723996472906e-06,2.9551331093882897e-05,0.0091231237717432,gnomADg_FIN,,,,,,,,,,,,,,,,,,,,,,,,,,,,,,,,,,,,,,,,,,,,,,,,,,,,,,,,,,,,,,,,,,,,,,,,,,,,,,,,,,,,,,,,,,,,,,,,,,,,,,,,,,,,,,,,,,,,,,,,,,,,,,,,,,,,,,,,,,,,,,,,,,,,,,,,,,,,,,,,,,,,,,,,,,,,,,,,,,,,,,,,,,,,,,,,,,,,,,,,,,,,,,,,,,,,,,,,,,,,,,,,,,,,,,,,,,,,,,,,,,,,,,,,,,,,,,,,,,,,,,,,,,,,,,,,,,,,,,,,,,,,,,,,,,,,,,,,,,,,,,,,,,,,,,,,,,,,,,,,,,,,,1,,,,,,,,,,,,,,,,,,,,,,,,,,,,,,,,,,,,,,,,,,,,,,,,,314,0.9401197604790419,0.6627497033755743,9,1.0,323,
VAR_002488,,,,,,,0.0013096813784901,0.0479336543157109,0.0006502744266681,4.237120108971445e-05,0.0029379427952015,0.00036401157944,0.0015570011857357,0.0142132697444099,3.5604640838762677e-06,0.0016230714930683,0.0001732343703601,4.437844011569912e-14,0.0001870598306743,0.0736099717223142,2.6078568488329604e-08,0.0046765687996911,0.0017135518413221,1.6574259751777714e-12,5.026235986893366e-08,0.0021559395839902,gnomADg_NFE,,,,,,,,,,,,,1.0,0.0710620646253578,1.0,1.0,0.0073003257874365,1.0,1.0,0.0012890506039933,1.0,0.0,0.0351188909594859,1.0,1.0,1.092573403365191e-07,1.0,1.0,0.0097029691806221,1.0,1.0,0.0013068448654801,1.0,1.0,0.0071339955152498,1.0,1.0,0.0008237411757237,1.0,0.0,6.404032044885573e-08,1.0,1.0,0.0132042195865513,1.0,0.0,0.0034299088958679,1.0,1.0,0.0003500180400596,1.0,0.0,0.0426602100675311,1.0,0.0,0.0330579735806523,1.0,0.0,0.0001125747087639,1.0,1.0,0.0153580960890377,1.0,1.0,0.00060165,1.0,0.0,0.0155127319986595,1.0,AllofUs_EUR,0.0,3.7870011818656105e-07,0.0,G/G,G/G,4.868359523855133,-5.936567426658068,-5.615935658763029,0.0,0.0463164018290785,1.0,0.0,0.0012159030540414,1.0,0.0,8.14396394773175e-08,1.0,1.0,0.0006204111433664,1.0,1.0,0.0016830216020708,1.0,1.0,0.0009036,1.0,1.0,0.0001304260524568,1.0,0.0,0.0325661107863987,1.0,1.0,0.005398536646598,1.0,1.0,0.0001089803164439,1.0,0.0,0.0516867488832906,1.0,0.0,0.0014373023402626,1.0,0.0,0.0001489953775523,1.0,0.0,0.0183651144370338,1.0,0.0,4.992334053652669e-05,1.0,1.0,0.0025578000464459,1.0,1.0,0.0309450904449205,1.0,1.0,0.0001861886670775,1.0,1.0,0.0001011619175232,1.0,0.0,0.0006328865447539,1.0,0.0,0.000686792148851,1.0,1.0,0.0097695012048875,1.0,1.0,6.647400041476062e-05,1.0,0.0,9.43700655295261e-05,1.0,0.0,0.0003790691614267,1.0,1.0,0.0392979170337118,1.0,0.0,0.0038540488081075,1.0,0.0,0.001310774109119,1.0,0.0,0.0007589779626349,264690.0,G/G,0.0025904064980196,1.0,0.0070428288343109,1.0,2.2055822018167122e-07,1.0,0.5202420478637235,0.0,0.0002420372709282,1.0,1.0,1.0,0.0,3.3300664188666188e-18,1.0,0.0,0.0,0.0010443597302812,1.0,0.0,0.0,0.0230062207296655,1.0,0.0,0.0,0.0021484389257594,1.0,1.0,1.0,0.0021792603804992,1.0,1.0,1.0,3.222095789646519e-07,1.0,0.0,0.0,,1.0,0.0009275144191718,1.0,0.0010417274787892,1.0,1.0,1.0,0.0013262901038413,1.0,0.0,1.0,1.0,1.7962502816924993e-05,1.0,1.0,0.0,1.4356222278780277e-06,1.0,0.0,0.0,0.00141927682845,1.0,0.0,0.0,0.0287545772250071,1.0,1.0,1.0,0.0021370610135344,1.0,0.0,0.0,0.007115782900357,1.0,1.0,1.0,1.0,0.0009900841858753,0.0,0.0345430105689487,1.0,1.0,0.0,0.0002821472433326,1.0,0.0,1.0,1.0,0.0007605396349387,1.0,0.0,1.0,3.0452480547434865e-12,1.0,0.0,0.0,0.0287245170216047,1.0,0.0,0.0,0.0081797846044439,1.0,0.0,1.0,0.0021552573145229,1.0,1.0,0.0,0.0083228221310314,1.0,0.0,0.0,0.0,0.0405248119767981,1.0,0.0001441341032051,1.0,1.0,1.0,0.0002292552477198,1.0,0.9475828701012836,1.0,0.0037887654683484,1.0,0.0,1.0,1.0,0.002327068408379,1.0,0.0,0.0,0.0235927239839293,1.0,0.4169752150288924,0.0,0.0109386456140227,1.0,0.0,1.0,0.0015633900000214,1.0,1.0,1.0,0.0015635117912499,1.0,1.0,0.0,0.0020984445496893,1.0,1.0,1.0,0.0307137820613554,0.1122353211412528,0.0,-0.3258759545651051,0.4902185406117792,-2.026885918279333,A,V,1,0.0,0.0,1.8,89.1,0.0,0.0,4.2,117.1,2.4000000000000004,28.0,0.0,0.0,-28.901344570578967,-27.340393849696646,0.1495257334120105,0.5464018945909574,0.0,-1.5864813070024122,2.3865601009577198,-9.867609364023048,33.33938070202012,-0.18233443813491734,-0.666292551607669,-0.0,1.9345845770023076,-2.910215420139744,12.032744920009016,-0.17248662389384203,-0.6303063421698817,-0.0,1.8300983935756145,-2.753035782808463,11.382860904709554,0.0034471711931186727,0.0,-0.010008883047548791,0.015056465418785888,-0.062253332357261645,0.0,-0.03657479241282688,0.05501983533495932,-0.22748819195476402,-0.0,0.0,-0.0,-0.1597504348673763,0.6605133834138472,-0.9936170568454606,18,0.05389221556886228,0.05249018262139668,0,0.0,18,-0.10923337284140118
VAR_005061,,,,,,,0.0151610997353362,0.0001453014875889,4.493824895493068e-23,0.0265910875541513,0.0197187056262574,1.4559895106552427e-05,2.428357411106577e-06,0.001608715266847,0.0001967538974109,,,,,,,,,,,2.690526439114461e-05,gnomADe_AFR,,,,,,,,,,,,,,,,,,,,,,,,,,,,,,,,,,,,,,,,,,,,,,,,,1.0,0.0211138527213888,1.0,1.0,0.002892874301575,1.0,1.0,3.657035189838256e-05,1.0,1.0,2.1693814681511986e-10,0.0,0.0,0.0053763610470068,1.0,0.0,0.0019836922849586,0.0,0.0,0.0240611243082287,1.0,AllofUs_AFR,0.0,3.478770722396454e-07,1.0,C/C,C/C,5.058680784702592,2.1269005819004665,1.2827707046103982,0.0,1.8577275862295628e-05,1.0,0.0,0.0007878891746052,1.0,0.0,0.0043242110630636,1.0,0.0,5.587445499421589e-05,1.0,1.0,5.14009843199191e-06,1.0,0.0,1.56509636612913e-06,1.0,0.0,0.0006496480803514,1.0,1.0,0.046057842129108,1.0,1.0,1.059350379264396e-05,1.0,1.0,0.0005423894897911,1.0,1.0,1.7509607841693277e-06,1.0,1.0,0.0151739264640592,1.0,1.0,0.0030864141557487,1.0,0.0,1.1511215753082123e-06,1.0,0.0,0.03605654662334,1.0,1.0,0.0035510886849499,1.0,0.0,0.0003364991268471,1.0,0.0,0.0002036823135377,1.0,0.0,3.4899883795839e-07,1.0,1.0,0.0001556663435188,1.0,1.0,2.0327000893719263e-08,1.0,1.0,0.0087358380443336,1.0,0.0,0.0520488124842994,1.0,1.0,0.0026924994441641,1.0,0.0,1.0253741356278024e-11,1.0,1.0,1.308549017188215e-10,1.0,1.0,0.0002787858204884,1.0,0.0,0.004215446600574,1.0,,,,C/C,3.5023691764420194e-05,,,,,,,,,,,,,,,,,,,,,,,,,,,,,,,,,,,,,,,,,,,,,,,,,,,,,,,,,,,,,,,,,,,,,,,,,,,,,,,,,,,,,,,,,,,,,,,,,,,,,,,,,,,,,,0.0,5.526043341891558e-05,0.0,0.0179266512014804,1.0,0.0,0.0,7.577817486859657e-09,1.0,0.580694487706307,0.0,0.0633504916424309,1.0,0.0,1.0,0.0973864550320467,4.4045653445195945e-05,1.0,1.0,0.0,0.0029131606380265,1.0,0.0,0.0,2.362278377287827e-06,1.0,0.0,1.0,2.288359618357208e-06,1.0,0.0,0.0,6.372276601409647e-05,1.0,1.0,1.0,0.0674965203914434,1.0,0.0,0.0,0.0,0.4326921876199434,0.7567663772514621,-0.0025153995893172,0.5966528854758538,1.3185297121523725,P,S,1,0.0,0.0,-1.6,115.1,1.0,0.0,-0.8,105.1,0.8,10.0,0.0,1.0,10.759311104632651,6.489127514592026,0.0,2.188851655203936,3.828239531110964,-0.012724603568327709,3.0182764868940577,6.670020918924646,2.7283257580807274,0.0,0.9202932656326434,1.6095668481388428,-0.005350004850230947,1.2690213693111858,2.8043816120299354,0.0,0.5550448623926494,0.9707577389723165,-0.0032266809035651307,0.7653688423096883,1.6913712879074443,0.0,0.0,-0.0,0.0,0.0,0.3274468992901545,-0.0010883937510399663,0.2581670422662987,0.5705175055931043,-0.001903569834547393,0.4515268426181934,0.9978189535639641,-0.001500820423090885,-0.0033166290964506033,0.78670455734136,175,0.5239520958083832,0.4213070235738223,0,0.0,175,0.6908464060678597
VAR_001976,0.0004391218812807,2.411197860471192e-07,0.0462631036723707,0.0065052171471326,0.0021796554813294,0.0562168558554225,0.00014193,0.0055945034552452,0.0001011615914337,0.0004501801422942,4.641210481578484e-07,0.023547831855257,0.0143944432275489,0.0001806302522442,0.0062588642150571,0.0006405742125396,0.0007895406746982,3.0061881619803626e-05,5.897949724945907e-05,0.0007794921895911,0.039096130318776,9.053899712080964e-07,0.000224152927683,0.0008507444267321,0.0001909700845085,0.0016093124033248,EUR,1.0,0.0001800012899998,0.0,0.0038158905625299,1.0,8.69871775985766e-06,1.0,0.0043808186913367,0.0,0.00301064380949,0.0,1.902329331135525e-28,1.0,1.1660331945872592e-06,1.0,1.0,8.481966519787866e-06,1.0,1.0,0.0772593225078869,1.0,1.0,0.0021648022415882,0.0,1.0,1.2102427912921586e-18,0.0,0.0,0.0002936711163115,1.0,1.0,0.0511031476832634,1.0,1.0,2.818906613137278e-05,1.0,0.0,0.0222625958697726,1.0,0.0,5.8528040975502096e-18,1.0,1.0,5.074377052283248e-07,0.0,0.0,0.0008948776980129,1.0,0.0,0.0009457351232047,1.0,0.0,0.0002345336363374,1.0,0.0,0.0001424566063157,1.0,0.0,0.0126501915497902,0.0,1.0,0.0003507988416478,1.0,0.0,0.0030112871241417,1.0,0.0,0.000350817913102,1.0,AllofUs_EUR,0.0,0.026040604747772,0.0,C/C,C/C,5.051045140698645,0.972741689636023,,1.0,0.0395149242212113,1.0,1.0,0.0001653300457251,1.0,1.0,0.0020840353265981,1.0,1.0,0.000430144237785,1.0,0.0,0.046023446474291,1.0,0.0,0.0006997846561715,1.0,1.0,0.0067498189810498,1.0,1.0,0.00017487,1.0,1.0,4.3560093131039945e-05,1.0,0.0,0.0001245012152828,1.0,1.0,0.0002757843718038,1.0,0.0,0.005788614079072,1.0,1.0,4.536900015928324e-05,1.0,1.0,0.0989552130465627,1.0,1.0,8.104500630685313e-05,1.0,1.0,0.0004253151117902,1.0,0.0,0.0070568113433946,1.0,1.0,0.0179877999130642,1.0,0.0,0.00014922,1.0,0.0,0.000226991596876,1.0,1.0,0.0002317500008574,1.0,1.0,1.8567000000001823e-05,1.0,0.0,0.0002955478295694,1.0,1.0,8.189019811936459e-05,1.0,1.0,0.0002578500455889,1.0,0.0,0.0009156036963357,1.0,1.0,0.0003253267735392,1.0,0.0,4.49370006740102e-05,1.0,0.0,0.0001844688737312,264690.0,C/C,0.0009135753119992,1.0,0.0021357551172184,0.0,1.2917426208912767e-06,1.0,1.0,1.0,0.0011890451626903,1.0,0.0,1.0,0.0,0.0359387417449459,1.0,0.9645211431437872,0.0,0.0001417944092926,1.0,1.0,1.0,0.0278504552433577,1.0,0.0,0.0,0.0442834354126523,1.0,0.0,1.0,0.0003578008476111,1.0,0.0,1.0,7.517518884358497e-05,1.0,1.0,1.0,,1.0,0.0002677547026169,0.0,5.906913346766583e-06,1.0,1.0,0.0,0.0020354601227708,1.0,1.0,1.0,0.0,0.0006312303590112,1.0,0.0,1.0,5.594105443932819e-17,1.0,0.0,1.0,0.0109021096011522,1.0,1.0,1.0,0.000163062378318,1.0,0.0,0.0,0.0803320859920745,1.0,0.0,1.0,2.979936714826784e-05,1.0,0.0,1.0,1.0,0.0712616069197563,1.0,7.524800111421822e-07,1.0,1.0,0.0,0.0002386733203152,1.0,0.0,1.0,0.0,0.0108083879152475,1.0,0.0,1.0,0.059575539068951,1.0,1.0,1.0,6.556184359556653e-12,1.0,0.0,0.0,0.0408047431451371,1.0,1.0,0.0,0.0001813986658763,1.0,1.0,0.0,5.800734153510779e-05,1.0,0.0,0.0,1.0,0.0001459440297043,1.0,7.988383321509055e-05,1.0,0.0,0.0,2.695584150883444e-05,1.0,0.7367702082106717,1.0,0.0013136363303219,1.0,0.0,1.0,1.0,0.0005286836320514,1.0,0.0,1.0,3.44593184725799e-34,1.0,1.0,0.0,0.0812016658375349,1.0,0.0,0.0,0.000301365597064,1.0,1.0,0.0,0.0005013288003275,1.0,1.0,1.0,0.0001801729674836,1.0,1.0,0.0,0.8372873613308378,0.9991254980549524,0.9965995373605258,0.9195001299983302,0.5745282739697133,-0.3304795126516874,N,K,1,1.0,0.0,-3.5,132.1,1.0,1.0,-3.9,146.2,0.3999999999999999,14.099999999999994,1.0,0.0,4.913362184591024,,4.229176257818519,5.046627991898581,5.033869250407402,4.644436663499838,2.9019682464287,-1.669266936479762,,0.8144643225718465,0.9718910251364075,0.9694339178625567,0.8944361100751186,0.5588676039649668,-0.32147119952689185,,,,,,,0.8365551519047902,0.8344401969401283,0.7698858375896642,0.4810452625220619,-0.2767063191220326,0.9957280091266705,0.9186960253461751,0.5740258478766419,-0.33019050767507513,0.9163734041592791,0.5725746120387577,-0.32935572941580366,0.5282788226028676,-0.3038759548450114,-0.18986982398612598,0,0.0,0.0,1,0.1111111111111111,1,-0.0
VAR_006596,,,,,,,5.416891136791535e-05,0.0061356182359579,0.0109496134962598,0.0551641054741732,0.0114124499731797,0.0013894780386501,0.0036508695103953,0.0001171800002449,0.0121442339064582,4.066727390899805e-05,6.0720446434999606e-05,0.0003335540718292,1.1392543809856005e-06,6.44161861713683e-06,0.0533252789507346,0.000302310305589,0.0001760334134718,0.0950261142054916,2.640665169309932e-07,0.0004961729923845,gnomADe_FIN,,,,,,,,,,,,,1.0,3.0460555359220773e-07,1.0,0.0,0.0324687426531723,1.0,1.0,0.0674852660922533,0.0,0.0,0.0322316557811828,1.0,1.0,6.010727117312256e-06,1.0,0.0,0.0001285453911807,1.0,0.0,0.0182911870011162,1.0,0.0,0.0010693110049128,1.0,1.0,1.979509976529968e-18,1.0,1.0,8.799107468272574e-06,0.0,1.0,1.5408602601142424e-12,1.0,0.0,5.758896311393228e-05,1.0,1.0,0.0054258830087109,0.0,0.0,0.0120126033968573,1.0,0.0,0.0016205527643947,0.0,0.0,0.0017274326162851,1.0,0.0,6.004574973529496e-05,1.0,0.0,3.0123002485619704e-05,1.0,1.0,5.9688001021060185e-05,1.0,AllofUs_EUR,1.0,0.0013336395451826,1.0,C/C,C/C,4.681082298603252,-2.40512241248084,-1.5056812796813936,1.0,4.33707850887163e-05,1.0,1.0,4.208167678939469e-06,1.0,1.0,0.0027586642209289,1.0,1.0,0.0067236514106197,1.0,1.0,4.32270000000228e-06,1.0,0.0,0.0001339871799616,1.0,1.0,3.138710658637015e-05,1.0,0.0,0.007933449871143,1.0,0.0,0.032414207064323,1.0,0.0,0.001103596509422,1.0,1.0,0.0007771911356547,1.0,1.0,3.983412055179735e-06,1.0,1.0,1.823333527441622e-15,1.0,0.0,6.69968303314925e-08,1.0,1.0,3.021636136238321e-06,1.0,0.0,0.0274416425677937,1.0,0.0,0.0005365179716732,1.0,0.0,0.0049819454679999,1.0,0.0,1.5142178852974596e-05,1.0,0.0,0.0004802758456433,1.0,0.0,0.0078131499600979,1.0,1.0,1.506946141810903e-07,1.0,1.0,1.4723338619007193e-05,1.0,0.0,0.007261139375858,1.0,1.0,0.0003205137290117,1.0,1.0,3.14567107346126e-06,1.0,1.0,1.6661154814938106e-06,1.0,0.0,3.563366882762612e-07,1.0,,,,C/C,0.0052991145017752,1.0,0.0440092723387754,1.0,2.882158005586227e-06,1.0,1.0,0.0,0.0031648249981427,1.0,0.0,1.0,1.0,0.0002941421259391,1.0,0.0,0.0,3.854073274062031e-07,1.0,1.0,0.0,0.0002924131158119,1.0,1.0,0.0,0.0001166603459103,1.0,1.0,0.0,0.0001163036616289,1.0,0.0,1.0,5.4210201953384616e-12,1.0,1.0,1.0,,0.0,0.007535381872017,0.0,2.8042104985083507e-05,1.0,0.0,1.0,0.0050039013700831,1.0,0.0,1.0,0.0,0.0196130982672004,1.0,0.0,1.0,0.0035264384144678,1.0,1.0,1.0,0.016343451851528,1.0,1.0,1.0,0.0024377597719751,1.0,1.0,1.0,0.0001225504274147,1.0,0.0,1.0,0.0310815234710055,1.0,1.0,0.0,0.0,8.929197411610102e-05,0.0,0.0001553909209987,1.0,1.0,0.0,5.872468425125602e-05,1.0,0.0,1.0,0.0,2.608401576563446e-05,1.0,0.0,0.0,0.014660410196393,1.0,1.0,0.0,0.0004717801823604,1.0,0.0,0.0,9.742500000112376e-05,1.0,0.0,1.0,9.917541400863346e-05,1.0,0.0,0.0,0.0008741923736389,1.0,1.0,0.0,1.0,3.648951000000021e-05,1.0,9.199599595269876e-06,1.0,1.0,0.7526616122216836,2.814394413200238e-09,1.0,0.1531649541628943,0.0,7.190595886110003e-05,1.0,0.0,1.0,0.0,0.0026590446500492,1.0,0.0,0.0,0.0848530003778733,1.0,1.0,1.0,0.0004692492,1.0,0.0,0.0,0.0751382514752544,1.0,1.0,0.0,0.0004802783819917,1.0,1.0,0.0,0.0071538940510429,1.0,1.0,1.0,0.003748683363818,0.248078235526878,0.0,-0.548562379931463,-0.2356709916531512,-1.6006796615971592,G,C,1,0.0,0.0,-0.4,75.1,0.0,0.0,2.5,121.2,2.9,46.10000000000001,0.0,0.0,-11.258575951038011,-7.048217985654865,0.017547895337436937,1.1612746369935971,0.0,-2.567865646376843,-1.1031953073218408,-7.492913229636706,3.6213477918145522,-0.009016042375612739,-0.5966585243143948,-0.0,1.3193596746169913,0.5668175839965789,3.8498305293095743,-0.005644322364353838,-0.37352675512921185,-0.0,0.8259601062002759,0.35484540029609973,2.4101134012335907,0.0009299667544449311,0.0,-0.0020563866676654844,-0.0008834559257446587,-0.006000441218231097,0.0,-0.1360863872898222,-0.05846484377418334,-0.39709378609278345,-0.0,-0.0,-0.0,0.12928024006206057,0.8780726446736264,0.377233763167633,21,0.06287425149700598,0.060976796498715374,0,0.0,21,-0.10064153560940223
VAR_001124,,,,,,,2.0322000000019946e-05,0.0479207950433015,0.0301453920793506,1.65961990046775e-07,7.711523468502167e-13,0.0005415446605613,5.80885633307361e-05,0.0016304246824971,0.0088574170006152,0.0016375351475635,0.0003764791942126,7.306467725143794e-05,0.0895734587784936,6.782824250929715e-08,0.0117784947424741,0.0009324475664053,1.32300000457076e-05,1.2606384479244101e-15,1.5627750855170372e-06,0.0066642469557028,gnomADg_FIN,,,,,,,,,,,,,1.0,5.514381196744033e-05,1.0,0.0,0.0001120405910537,1.0,1.0,0.0799928681054559,1.0,0.0,0.0053323439195485,1.0,0.0,0.0008967599873515,1.0,0.0,0.0088747669073084,1.0,1.0,0.0546617226495871,1.0,1.0,0.0104974855505466,1.0,1.0,0.0002143029067353,1.0,0.0,2.4292956138504057e-29,1.0,0.0,0.0018804147858573,1.0,1.0,9.450821556890288e-05,1.0,,,,,,,,,,,,,,,,,,,,,,,,,,T/T,T/T,4.221634295142856,3.559368167386923,3.091446923579892,,,,,,,,,,,,,,,,,,,,,,,,,,,,,,,,,,,,,,,,,,,,,,,,,,,,,,,,,,,,,,,,,,,,,,,,,,,,,,,,,,,,,1.0,0.0530705726623159,264690.0,T/T,0.0007435388318914,0.956556686000491,0.000104202595334,0.0,0.0038945313800998,1.0,0.0,1.0,3.0632160103625977e-13,1.0,1.0,1.0,1.0,0.0011175695273122,1.0,1.0,0.0,2.2211417527708065e-07,1.0,1.0,1.0,0.0297223281403531,1.0,1.0,1.0,5.2654976180036366e-08,1.0,1.0,,,,,0.0,2.422275626132282e-05,1.0,0.1294956464116447,1.0,,0.0,0.0002031753448844,1.0,0.0011592143450224,1.0,0.0,1.0,0.0001765433208083,1.0,0.0,1.0,1.0,0.0009767681729741,1.0,0.0,0.0,0.0010841456088435,1.0,1.0,0.0,0.0182377535702704,1.0,1.0,1.0,6.115779368619408e-28,1.0,1.0,,,,,1.0,0.0155743575196045,1.0,0.0,1.0,1.0,0.0031997418049983,0.0,5.49374395153023e-10,1.0,1.0,0.0,0.011314231375843,1.0,0.0,1.0,0.0,3.603619129031336e-11,1.0,0.0,0.0,0.0417567661593018,1.0,0.0,1.0,0.0020115546330447,1.0,0.0,0.0,0.0561095652545104,1.0,1.0,,,,,0.0,3.842207112231303e-15,1.0,0.0,1.0,1.0,0.0381799296439028,0.0,0.0270709768920263,1.0,0.0,0.0,0.0546762858554878,1.0,0.0,1.0,0.0024921401811182,1.0,0.0,1.0,0.0,2.1439237170673464e-05,1.0,1.0,1.0,1.1893354852997945e-06,1.0,1.0,1.0,0.075515572106495,1.0,0.0,1.0,0.0005308295496994,1.0,0.0,1.0,0.0008489783592396,1.0,0.0,0.0,4.828206489554965e-06,1.0,1.0,1.0,0.8526898572296104,0.5658324386732891,0.9396130957295216,3.047748034246793,0.6712668872453008,7.961335352378109,L,P,1,0.0,0.0,3.8,131.2,0.0,0.0,-1.6,115.1,5.4,16.099999999999994,0.0,0.0,15.02635072448041,13.050958354198748,3.5997447444009887,2.3887376284074744,3.9667028690970954,12.866477624330484,2.8338433123885545,33.60984635873266,11.003597770956501,3.0350371344767755,2.014005970288619,3.344428942599541,10.848057335314104,2.389285990281831,28.337323623146794,2.6360454359002565,1.7492409517982477,2.904764014148408,9.421951284318911,2.0751859534755352,24.61204568269714,0.48247958134820923,0.801198556448678,2.5987838361937237,0.5723824662481606,6.78854990497634,0.5316635693659939,1.724514702679586,0.3798245798106364,4.504781797531975,2.863703965462193,0.6307311579852768,7.480574956588876,2.045852336056829,24.26414417018988,5.344180800306823,138,0.41317365269461076,0.34583799260885495,0,0.0,138,3.2894140078687992
VAR_004298,0.0001800123194784,0.000587149734111,9.601175457994173e-13,1.0922353804490266e-10,0.0009000000612635,0.0195766672466535,0.0001042669026651,2.0871167406987618e-12,0.0353061570514984,0.0001074467407883,0.024269916003505,6.429277482983655e-09,5.262484334246641e-05,4.471228470191408e-05,0.0002341689685932,0.0001732952821322,6.522152131824445e-09,0.0005230130718658,9.743895014605569e-07,0.0015136380116767,0.0496799992458005,1.3061824801546576e-05,5.5567708892862825e-05,0.0009309334701008,0.04720656665101,0.0009008516632774,EUR,,,,,,,,,,,,,,,,,,,,,,,,,,,,,,,,,,,,,,,,,,,,,,,,,,,,,,,,,,,,,,,,,,,,,,,,,,,,,,,,,,,,,,,,,,,,,,,,,,,,,,,,,,,,,,,,,,,,,,,,,,,,,,,,,,,,,,,,,,,,,,,,,,,,,,,,,,,,,,,,,,,,,,,,,,,,,,,,,,,,,,,,,,,,,,,,,,,,,,,,,,,,,,,,,,,,,,,,,,,,,,,,,,,,,,,,,,,,,,,,,,,,,,,,,,,,,,,,,,,,,,,,,,,,,,,,,,,,,,,,,,,,,,,,,,,,,,,,,,,,,,,,,,,,,,,,,,,,,,,,,,,,,1,,,,,,,,,,,,,,,,,,,,,,,,,,,,,,,,,,,,,,,,,,,,,,,,,308,0.9221556886227545,0.6534473107132608,9,1.0,317,
VAR_005187,,,,,,,5.554812474087642e-06,3.4944863056385965e-12,2.6921017081151423e-08,0.008278148947264,0.006053969525327,1.3403807907122718e-07,0.001457988755272,0.0377850464186956,1.9760986682094863e-06,0.0330964828926063,0.0273195360095993,0.015919820937823,0.0009021175372113,9.390391553775567e-05,5.495344584796963e-05,0.0016697741675847,0.0001972971384729,4.507428698712888e-06,0.0050758185975748,5.88905180917026e-05,gnomADg_AMR,,,,,,,,,,,,,1.0,0.0005699728987049,1.0,1.0,6.204137255840751e-09,1.0,1.0,0.0690483079120833,1.0,0.0,0.0257868740529218,1.0,0.0,3.4725863707791096e-05,0.0,0.0,0.0001982031822359,0.0,0.0,4.621128587077848e-05,1.0,0.0,0.0984160214869271,1.0,1.0,0.002974299684509,1.0,0.0,4.208238487677905e-13,0.0,1.0,0.000903310678175,1.0,1.0,0.0001224986840588,1.0,0.0,1.7774419098707382e-06,0.0,1.0,7.188830006130474e-05,1.0,1.0,0.0031260790637426,1.0,0.0,0.0120501126736662,1.0,0.0,8.741639331175163e-05,1.0,1.0,2.09941534576708e-18,0.0,1.0,0.0058966309996321,1.0,AllofUs_EUR,1.0,2.0116649117533808e-21,0.0,C/C,C/C,4.6652528067412335,-3.4716147535996,-11.368883072873354,0.0,0.0483128617821542,1.0,1.0,8.776912039360155e-05,1.0,1.0,0.0017903557311414,1.0,0.0,7.369398087396094e-05,1.0,1.0,1.0372156032867263e-06,1.0,1.0,0.0329283921305171,1.0,1.0,2.1051018290569572e-05,1.0,1.0,2.2806546611000988e-06,1.0,1.0,0.032791873503779,1.0,1.0,2.645602850899132e-05,1.0,1.0,0.0009081572977772,1.0,0.0,7.450145632703104e-07,1.0,0.0,0.0137309182538045,1.0,1.0,0.0001210111011459,1.0,1.0,0.0003762161490015,1.0,0.0,0.06985925153217,1.0,1.0,1.21397877360197e-06,1.0,0.0,0.0302539728822431,1.0,0.0,0.0510497608345516,1.0,0.0,0.0003992219215707,1.0,0.0,7.959773646867692e-06,1.0,0.0,0.0977396527554135,1.0,1.0,0.0009335129882783,1.0,0.0,4.807944745375976e-06,1.0,1.0,0.0001880436138803,1.0,0.0,9.576106129371229e-12,1.0,0.0,1.703036404112086e-05,1.0,1.0,0.0001155436819426,1.0,0.0,6.80467380114666e-06,264690.0,C/C,0.0001148693467201,0.0,1.6998480094610723e-05,0.0,9.62768910477689e-08,1.0,0.0,1.0,1.0442501784666065e-13,1.0,1.0,1.0,0.0,4.4161051745203445e-06,1.0,0.0,0.0,0.0937795059197498,1.0,1.0,0.0,0.0708865332591531,1.0,0.0,0.0,0.0002808804290648,1.0,1.0,0.0,0.0013371579859976,1.0,1.0,0.0,0.0146572164559323,1.0,1.0,1.0,,0.0,0.0146731819605441,0.0,2.2289480224604703e-10,1.0,1.0,1.0,0.0008884352777362,1.0,1.0,1.0,0.0,0.0078868916990033,1.0,1.0,1.0,0.0437287783441748,1.0,0.0,0.0,0.0367035096866426,1.0,0.0,0.0,0.0231282132272447,1.0,1.0,0.0,0.0256698200179875,1.0,1.0,0.0,7.034288096039244e-15,1.0,0.0,1.0,1.0,3.922316647552201e-05,0.0,0.0016906191538134,1.0,1.0,0.0,0.0018141895045413,1.0,1.0,1.0,0.0,0.0436344146031975,1.0,1.0,1.0,1.3282107902936034e-06,1.0,0.0,1.0,0.049929019636806,1.0,0.0,1.0,0.0510222399695106,1.0,0.0,1.0,3.2365790686227185e-05,1.0,1.0,1.0,1.713113929482801e-05,1.0,0.0,1.0,0.0,0.0003791670421566,0.0,0.0015277481469586,1.0,0.0,0.0,0.0008615365527254,1.0,0.0,0.0,0.0046533785376175,1.0,0.0,1.0,0.0,0.0002022060915352,1.0,1.0,1.0,6.50248872826154e-07,1.0,1.0,0.0,0.0001531786043469,1.0,0.0,0.0,0.0408411691162753,1.0,0.0,1.0,1.5414610738912878e-05,1.0,1.0,0.0,0.0002151004173016,1.0,1.0,0.0,0.0259051009247997,1.0,0.0,-0.6746496853430354,-0.777342884077889,-7.206738915295051,C,W,1,0.0,0.0,2.5,121.2,0.0,0.0,-0.9,204.2,3.4,82.99999999999999,0.0,0.0,-16.19596047315481,-53.03871366523531,0.12085384479833672,4.6652528067412335,0.0,-3.147411338113686,-3.626501071744697,-33.62125895203151,39.46838220773589,-0.08993253056402127,-3.4716147535996,-0.0,2.3421238011482095,2.698635024970463,25.019021143678675,-0.29451206340503117,-11.368883072873354,-0.0,7.67001338781577,8.837520356611666,81.93257206471559,0.0259051009247997,0.0,-0.017476868187695692,-0.020137145865212588,-0.1866912989393998,0.0,-0.6746496853430354,-0.777342884077889,-7.206738915295051,-0.0,-0.0,-0.0,0.5244341321467955,4.862024141553214,5.602107213211812,18,0.05389221556886228,0.05249018262139668,0,0.0,18,-0.3883871271715896
VAR_002998,0.0001813280074855,2.4545917399473428e-05,1.5926698452216515e-08,0.003709566676037,0.0402280234429057,6.94812870945222e-06,0.0333475020975187,0.0026653736703069,0.0543199894432096,8.138288762650466e-08,0.0004086811949435,0.0003975574924622,0.0003600518228512,0.000104387575801,3.0150888386308504e-07,3.4066488313143687e-05,0.0172248846416066,0.031628421956604,4.620786747541946e-26,0.000928702355314,0.0012586062471801,3.0679272430684126e-08,2.3290976792934e-11,5.387886701824309e-13,1.7212234811172425e-08,0.0148339043853998,EAS,1.0,0.0193160721729345,1.0,0.0030860769787279,0.0814809092619444,5.094412797133161e-10,1.0,0.0008928571428572,1.0,0.004364721633454,1.0,0.0209229154487641,0.0,5.6690247451719245e-05,1.0,0.0,2.642236616534104e-07,1.0,0.0,0.0188659216528242,1.0,1.0,0.0011230417677187,0.0,0.0,9.335349868483816e-10,0.0,1.0,7.264299334715906e-05,1.0,1.0,0.0564929892838061,1.0,1.0,3.669352128388857e-05,1.0,1.0,1.421110365717073e-05,1.0,1.0,8.540431100546744e-09,1.0,0.0,3.7211322998345997e-07,1.0,0.0,0.0278336017339411,1.0,1.0,0.0107037334692813,1.0,0.0,5.703834029651135e-05,1.0,1.0,0.0837707673870014,0.0,0.0,0.002427302433787,1.0,0.0,0.0124284141971372,0.0,1.0,6.016566062545033e-05,1.0,0.0,0.0098005226709109,1.0,AllofUs_EAS,1.0,3.332628043190479e-08,1.0,C/C,C/C,5.890958216765964,2.9391342446961315,2.94927780130827,0.0,7.88580049707062e-07,1.0,1.0,0.0048281628859128,1.0,1.0,1.3673384714359315e-05,1.0,1.0,2.10876066868894e-15,1.0,0.0,7.872399248256627e-07,1.0,0.0,6.135751828868874e-05,1.0,0.0,0.0003222498119995,1.0,0.0,0.0001666190343513,1.0,1.0,3.386507709007655e-07,1.0,0.0,0.0842011276309445,1.0,1.0,2.878919636885881e-06,1.0,1.0,1.0090179578035984e-06,1.0,0.0,1.425592719709697e-06,1.0,1.0,3.1090637897199697e-21,1.0,1.0,0.0012678422785249,1.0,1.0,0.0127920363708808,1.0,0.0,0.0002744497769939,1.0,0.0,1.8895107951428017e-05,1.0,0.0,2.015795012140348e-06,1.0,0.0,8.139244078791049e-07,1.0,1.0,3.522195439645692e-05,1.0,1.0,1.5485376438732885e-05,1.0,1.0,1.941447848521529e-05,1.0,0.0,0.0010869129004502,1.0,0.0,1.417107482168754e-07,1.0,1.0,3.2246613841145355e-10,1.0,0.0,0.0006918948911823,1.0,0.0,0.0022355060658192,1.0,1.0,2.380968804199592e-05,264690.0,C/C,0.0043343616732452,0.0,0.0790536451008328,0.0,5.416052549674272e-06,1.0,1.0,1.0,0.0016509701657705,1.0,0.0,1.0,0.0,0.0041273685009282,1.0,0.4676723258517826,0.0,0.0012348964742774,1.0,0.0,0.0,5.522435649513578e-07,1.0,1.0,0.0,0.0004636703657526,1.0,0.0,0.0,0.0455958785935871,1.0,1.0,0.0,2.5897422075648482e-08,1.0,0.0,1.0,,0.0,3.804849e-05,1.0,0.0007077977230573,1.0,0.0,1.0,0.0076139612287109,1.0,1.0,1.0,0.0,9.700017966162806e-09,1.0,0.0995547525309729,0.0,0.0004584564643067,1.0,0.0,0.0,0.0015753033393788,1.0,1.0,0.0,1.843523672513404e-05,1.0,0.0,1.0,0.006064109188407,1.0,0.0,1.0,0.000600981391294,1.0,0.0,0.0,1.0,3.894606000643333e-05,1.0,0.0114392739965957,1.0,1.0,0.0,1.570458151245177e-12,1.0,1.0,1.0,0.0,0.030170356834583,1.0,1.0,0.0,0.0008849634409821,1.0,0.0,0.7155317725468833,0.0012005409325516,1.0,0.0,0.0,4.5077063642949164e-08,1.0,1.0,1.0,0.0008651334343575,1.0,1.0,1.0,0.0006258876693056,1.0,0.0,0.0,1.0,1.6179222882634405e-05,0.0,1.5239649225476951e-05,1.0,0.0,0.0,6.733055836520497e-08,1.0,0.180690425877358,1.0,0.0002233654668227,1.0,1.0,1.0,0.0,1.3641593263694823e-09,1.0,1.0,1.0,0.0913132184724111,1.0,0.0,1.0,0.0020828163145231,1.0,1.0,1.0,0.0011170982927545,1.0,1.0,1.0,0.0292212795826911,1.0,0.0,1.0,1.2750734407960476e-05,1.0,1.0,1.0,1.0,1.0,1.0,2.139181652002843,0.6334647099589745,2.050159662101687,Q,H,1,1.0,0.0,-3.5,146.2,1.0,1.0,-3.2,155.2,0.2999999999999998,9.0,1.0,0.0,17.3143170289709,17.37407229714241,5.890958216765964,5.890958216765964,5.890958216765964,12.601829730021137,3.731714138164089,12.077404907140066,8.66832338294725,2.9391342446961315,2.9391342446961315,2.9391342446961315,6.287342049027199,1.8618378218469247,6.025694469977719,2.94927780130827,2.94927780130827,2.94927780130827,6.3090409592179375,1.8682634069941852,6.046490380574169,1.0,1.0,2.139181652002843,0.6334647099589745,2.050159662101687,1.0,2.139181652002843,0.6334647099589745,2.050159662101687,2.139181652002843,0.6334647099589745,2.050159662101687,1.3550960847355409,4.3856639328442775,1.2987037957228345,0,0.0,0.0,0,0.0,0,0.0
VAR_000250,,,,,,,3.157803481315448e-05,0.0018732038527432,0.0007888507946247,0.0934023973770897,1.087765519074103e-06,0.0039175573945764,5.021102024885269e-07,0.0553397023365546,0.0004151292852612,0.0421461409230038,0.0011088000045927,1.7698841568146104e-12,0.0581999801709762,4.029565148523329e-06,0.0002537750851504,5.0702038349257583e-08,0.0660992335081821,7.315781889217145e-18,0.0283392956661886,0.0011088,gnomADg_AFR,,,,,,,,,,,,,0.0,0.0233936284167441,1.0,1.0,0.0020214902808778,1.0,1.0,0.081749206969914,1.0,0.0,0.0279847749893816,1.0,0.0,8.228448528988998e-06,1.0,1.0,1.7785125670290454e-08,1.0,1.0,9.883990254182785e-09,1.0,1.0,0.0001056743229238,1.0,0.0,0.002012394797446,1.0,0.0,1.817421618370027e-12,0.0,0.0,0.0001139382633805,1.0,0.0,0.005295412437935,1.0,0.0,0.0028727879165176,1.0,0.0,0.0002384100000677,1.0,1.0,2.2509735455983712e-05,1.0,0.0,4.368651698940537e-08,1.0,0.0,3.504600019379705e-06,1.0,1.0,0.0482559205312417,1.0,0.0,0.0164660466910709,1.0,AllofUs_AFR,0.0,2.4075483353447163e-13,1.0,G/G,G/G,5.759489692614858,5.8848736021223855,4.746783875770609,0.0,0.0021884384807723,1.0,1.0,6.900842204884402e-05,1.0,1.0,0.0003343420796708,1.0,0.0,2.230405112686e-06,1.0,1.0,3.440563298323972e-05,1.0,1.0,7.205099036973056e-06,1.0,0.0,1.406700000088551e-06,1.0,1.0,9.436978288165386e-05,1.0,1.0,0.0043745058971227,1.0,1.0,0.0044101755583952,1.0,0.0,0.0010534196774819,1.0,0.0,6.533930226279635e-06,1.0,0.0,0.0015684498105581,1.0,0.0,1.758879882103746e-05,1.0,0.0,5.7646433263462916e-08,1.0,0.0,0.0180239853271837,1.0,0.0,0.0143028559623662,1.0,0.0,1.28340000190244e-05,1.0,1.0,0.001295293191979,1.0,1.0,0.0899077980189791,1.0,0.0,0.0060772776629828,1.0,0.0,5.645082464076351e-15,1.0,0.0,7.173162567371931e-06,1.0,1.0,0.0043838430614229,1.0,1.0,0.0003866583756231,1.0,1.0,0.0007393208651828,1.0,0.0,0.009089673770783,1.0,1.0,0.0038410323571389,1.0,0.0,0.0135682642872897,264690.0,G/G,0.0018166255681402,0.0,9.87183220332438e-05,1.0,0.0015181080628368,1.0,1.0,0.0,0.0001229282973445,1.0,0.0,1.0,0.782734668571178,1.818973986661981e-10,1.0,1.0,0.0,7.705021700226091e-21,1.0,1.0,0.0,3.3061161456734607e-05,1.0,0.0,0.0,0.0001445043782053,1.0,1.0,0.0,0.0153842664058966,1.0,0.0,1.0,0.0099089913739428,1.0,0.0,0.0,,1.0,0.005134776728191,0.0,0.001328679,1.0,0.0,1.0,3.165079623257057e-05,1.0,0.0,1.0,0.0,1.1242548903341624e-06,1.0,0.0,1.0,5.54476089570351e-05,1.0,0.0,1.0,5.8496052179269e-14,1.0,0.0,1.0,1.5170116193197092e-11,1.0,0.0,1.0,0.0013351644833924,1.0,1.0,1.0,3.2267626678290036e-08,1.0,0.0,1.0,0.0,0.0820392220464349,1.0,0.0392502421508231,1.0,0.0,1.0,0.0001686229248798,1.0,1.0,1.0,0.0,8.005328364791936e-06,1.0,0.0,0.0,0.0287430475544874,1.0,1.0,1.0,0.0032897854109578,1.0,1.0,1.0,1.4144831486098196e-09,1.0,0.0,0.0,0.0090293549619234,1.0,1.0,1.0,2.761886339369026e-05,1.0,1.0,1.0,1.0,0.0018507499651378,0.0,0.008389516814237,1.0,1.0,0.0,0.0261667616754762,1.0,0.0,1.0,0.0063932351062737,1.0,0.0,1.0,1.0,0.0047106888033095,1.0,1.0,0.0,1.4677986594496366e-11,1.0,0.0,0.0,5.0945650554132586e-15,1.0,1.0,1.0,3.03053041058566e-11,1.0,1.0,0.0,0.0011061368471943,1.0,0.0,0.0,0.0744281845140988,1.0,1.0,0.0,0.9549121278330268,0.2229844114400601,0.969428186605344,4.760821738371011,0.6972289953154469,7.959382482625992,P,R,1,0.0,0.0,-1.6,115.1,1.0,1.0,-4.5,174.2,2.9,59.099999999999994,1.0,1.0,33.89386885376515,27.339052805571228,5.49980655760724,1.2842764193028169,5.583411648483792,27.41990373052459,4.015683211911529,45.84198136826366,27.93422312550264,5.619537173431096,1.3122350765684065,5.704962344507163,28.01683417254997,4.103104509166186,46.83995986120104,4.532761491175614,1.0584588087718765,4.601666084895788,22.598591863117715,3.309595352683105,37.7814684296201,0.2129305188018229,0.9257187324526216,4.546166416421592,0.6657924235035569,7.600510862721306,0.2161673736235974,1.0615890333017037,0.15547119715935934,1.7748182183146812,4.615274784580311,0.6759134405773196,7.716049726630457,3.31938295752036,37.89320114729525,5.549512251692688,18,0.05389221556886228,0.05249018262139668,0,0.0,18,0.4289487565487062
VAR_003493,0.8869883592984639,0.8528915348856843,0.8961300038903997,0.9289024073858438,0.9000006422530119,0.9103147214978689,0.902717629203011,0.8607012087665332,0.8977076487875717,0.9000049023951877,0.9026048285258764,0.900000000073063,0.9013632373840138,0.8976612270086644,0.9068447512405432,0.8883900033477107,0.870585805817814,0.901848212428412,0.8958622397761431,0.9004682325868015,0.900973943989964,0.9244419496369798,0.8998204130562623,0.8948015288521592,0.9000000000930841,0.9001646182566688,EAS&EUR&SAS&gnomADe_ASJ&gnomADe_FIN&gnomADg_AMI&gnomADg_ASJ&gnomADg_EAS&gnomADg_FIN&gnomADg_MID&gnomADg_SAS,1.0,0.8915776654433951,1.0,0.8636406828621068,1.0,0.9117905485104194,1.0,0.9045522441222432,1.0,0.9000925482208537,1.0,0.9000107387896592,1.0,0.9437714830837632,1.0,1.0,0.8631936145095077,1.0,1.0,0.8571644177913977,1.0,1.0,0.9,1.0,1.0,0.9000057276024046,1.0,1.0,0.925030382172028,1.0,1.0,0.8858126030852566,1.0,1.0,0.9134571723325424,1.0,1.0,0.897415993517573,1.0,1.0,0.900002770750051,1.0,1.0,0.900001224243413,1.0,1.0,0.8940303165509736,1.0,1.0,0.8584238978478401,1.0,1.0,0.8988165774188646,1.0,1.0,0.9027480558367862,1.0,1.0,0.9064614704386031,1.0,1.0,0.8998351690300767,1.0,1.0,0.8958972420902476,1.0,1.0,0.9,1.0,AllofUs_SAS,1.0,0.9001136727251593,1.0,G/G,G/G,5.584259338926969,2.451710658962777,-2.815351186314533,1.0,0.8595930997581689,1.0,1.0,0.911281740007858,1.0,1.0,0.9000000707709918,1.0,1.0,0.89973,1.0,1.0,0.9394662785130156,1.0,1.0,0.8994605333734945,1.0,1.0,0.905540942748896,1.0,1.0,0.9072452125367302,1.0,1.0,0.8708333330203238,1.0,1.0,0.8985630402720014,1.0,1.0,0.899926351619332,1.0,1.0,0.9515682130753712,1.0,1.0,0.8655042311658896,1.0,1.0,0.9079001152783032,1.0,1.0,0.8997305280528345,1.0,1.0,0.899550000959408,1.0,1.0,0.8989218385146435,1.0,1.0,0.8997892498794531,1.0,1.0,0.8980200000001782,1.0,1.0,0.859680024506774,1.0,1.0,0.899795233026238,1.0,1.0,0.8997302187305486,1.0,1.0,0.8999055984991317,1.0,1.0,0.902868428985212,1.0,1.0,0.8959506490884529,1.0,1.0,0.8621516971851297,1.0,1.0,0.8965638808940772,1.0,1.0,0.8587800000000266,1.0,1.0,0.88608636,264690.0,G/G,0.9000000007095046,1.0,0.8967423303994021,1.0,0.8681571902485299,1.0,1.0,1.0,0.8976690000000097,1.0,1.0,1.0,1.0,0.9001123569210596,1.0,1.0,1.0,0.9400258077429572,1.0,1.0,1.0,0.900000000013457,1.0,1.0,1.0,0.9045506936220592,1.0,1.0,1.0,0.9002137968548173,1.0,1.0,1.0,0.9000000005733392,1.0,1.0,1.0,,1.0,0.8968867830583244,1.0,0.8563300961229084,1.0,1.0,1.0,0.9027719932079058,1.0,1.0,1.0,1.0,0.9344638120781212,1.0,1.0,1.0,0.8998470000008755,1.0,1.0,1.0,0.9000219422971574,1.0,1.0,1.0,0.8998360848653515,1.0,1.0,1.0,0.9000000002069558,1.0,1.0,1.0,0.9003025488987747,1.0,1.0,1.0,1.0,0.8963728542634292,1.0,0.8563505178349181,1.0,1.0,1.0,0.8980119785024174,1.0,1.0,1.0,1.0,0.9874117576904664,1.0,1.0,1.0,0.8997966000024047,1.0,1.0,1.0,0.9000006090395046,1.0,1.0,1.0,0.8998330926095846,1.0,1.0,1.0,0.914701337280236,1.0,1.0,1.0,0.9000000018736539,1.0,1.0,1.0,1.0,0.9024954404364992,1.0,0.8588179609795872,1.0,1.0,1.0,0.9000018177536526,1.0,1.0,1.0,0.9056777288952256,1.0,1.0,1.0,1.0,0.9001538991657192,1.0,1.0,1.0,0.8998794266187612,1.0,1.0,1.0,0.9001696742075745,1.0,1.0,1.0,0.9016426459935546,1.0,1.0,1.0,0.9027961633468724,1.0,1.0,1.0,0.8999307584188133,1.0,1.0,1.0,0.4751745465339515,0.7552027029554047,0.8944206502141739,0.5130970505324224,-0.1457015875091263,1.6983196281188335,S,G,1,1.0,0.0,-0.8,105.1,0.0,0.0,-0.4,75.1,0.4,30.0,0.0,1.0,13.69098814365968,-15.72165115453605,2.6534978991026064,4.2172477467616085,4.994676868887632,2.8652669962115622,-0.8136354507443234,9.483857243805572,-6.902426512210839,1.1649905006050931,1.8515385165132656,2.192860641726508,1.2579655078727026,-0.35721813512392275,4.163788334584644,-1.3377832232908307,-2.1261608256734403,-2.5181082386446905,-1.4445483899109433,0.4102011372417294,-4.781366179765614,0.3588531019180489,0.42500592687612215,0.24381065831465182,-0.06923368577392594,0.8069982591610759,0.6754688926208747,0.3874922794405313,-0.11003423271178561,1.2825755736375608,0.4589245975601841,-0.1303185086371501,1.519012146053541,-0.07475905480882433,0.8714027920490939,-0.24744786591482304,0,0.0,0.0,0,0.0,0,0.0
VAR_003085,0.0004641074909833,9.088005557813628e-10,0.014471291815367,0.0827759351209362,0.0001158898879686,0.0009,0.0001258201464723,0.0297112697774599,0.0009343951329556,4.75154864814653e-08,0.0048932408775901,2.65762313827986e-05,2.6869989011759922e-08,0.0001838736753163,0.098431209048016,5.320361539194922e-05,3.993314100911696e-07,1.203446662694061e-07,2.804656535220493e-05,6.199255210258407e-11,0.0007175304785601,0.0004517996287909,0.0219364061166226,0.0007435718927235,0.001680475600051,0.0066996720976533,gnomADe_SAS,0.0,0.0012278109540349,0.0,0.0001065656192939,0.0,0.001273541603957,1.0,0.0561992283726768,0.0,1.7044127701523382e-08,0.0,0.0009202453996833,1.0,0.0003520448580378,1.0,0.0,1.4493524838990028e-10,1.0,1.0,3.4930021953879004e-12,1.0,1.0,8.865406701569394e-06,1.0,1.0,3.7956484969868506e-10,1.0,1.0,1.9608775567387126e-10,1.0,1.0,0.032779284700143,1.0,0.0,1.691477989991609e-05,1.0,1.0,0.0001983252534523,1.0,0.0,4.43999427830407e-05,1.0,1.0,0.0021343873650923,1.0,1.0,0.0094455033821933,1.0,0.0,0.0007618902958227,1.0,1.0,2.7525223342276624e-05,1.0,1.0,1.3612313703905737e-17,1.0,1.0,7.008430738301978e-08,0.0,0.0,3.022720303407402e-07,1.0,0.0,0.0013437296373944,1.0,0.0,0.0025153200109468,1.0,AllofUs_SAS,0.0,0.0041405671000258,1.0,G/G,G/G,5.989624456498518,6.17,3.541421241037896,0.0,0.0007197082296332,1.0,1.0,7.227008782908306e-05,1.0,0.0,0.0209618508043634,1.0,1.0,0.0001618160442821,1.0,0.0,0.0182558660540795,1.0,0.0,5.797706631578422e-05,1.0,1.0,1.903306711869706e-05,1.0,1.0,0.0005395541834145,1.0,0.0,0.0113127306575236,1.0,1.0,0.0783013872289822,1.0,1.0,0.0001750798212538,1.0,0.0,0.0016495923752494,1.0,0.0,9.332497385176169e-05,1.0,1.0,1.0296515955929778e-05,1.0,0.0,0.0017368836621424,1.0,0.0,0.0001457244197806,1.0,1.0,0.0398089006312166,1.0,1.0,6.462900000147566e-05,1.0,0.0,1.0402916185168889e-05,1.0,1.0,3.0288599270602955e-05,1.0,1.0,4.2242363498189536e-05,1.0,1.0,0.0021573049770871,1.0,1.0,0.0013014042293438,1.0,1.0,5.883231415045358e-06,1.0,0.0,3.548556037014832e-06,1.0,1.0,1.22670000132801e-05,1.0,0.0,0.0046826896555196,1.0,0.0,0.0009216237734367,1.0,0.0,1.3746060712738295e-05,264690.0,G/G,0.0285469237531838,0.0,0.033512310157425,1.0,1.455892118877482e-09,1.0,0.0,0.0,2.206645456015264e-06,1.0,1.0,1.0,1.0,0.0194089602148331,1.0,0.0,1.0,1.3801878275032004e-10,1.0,1.0,1.0,7.606115041907025e-05,1.0,1.0,1.0,0.0009082288930379,1.0,0.0,1.0,0.0023518184278816,1.0,1.0,0.0,0.0023518170093051,1.0,0.0,0.0,,0.0,0.0002736252000004,1.0,1.5628684267239881e-18,1.0,1.0,1.0,4.7745391479897765e-14,1.0,0.0,1.0,0.0,0.0004027090002537,1.0,1.0,0.0,0.0815441376353808,1.0,0.0,1.0,3.328237716510351e-07,1.0,0.0,1.0,0.0059087905012374,1.0,1.0,1.0,0.0020638170004905,1.0,0.0,0.0,0.0020638170589269,1.0,1.0,1.0,1.0,0.0027323107928642,0.0,2.2227496526198566e-06,1.0,1.0,1.0,0.0006099948871074,1.0,0.0,1.0,0.0,6.5553001412115645e-09,1.0,1.0,1.0,9.913326430078157e-08,1.0,0.0,0.0,8.561676854881958e-11,1.0,1.0,1.0,6.44298580542941e-08,1.0,1.0,1.0,0.0051321244055342,1.0,1.0,1.0,0.0020582821524579,1.0,1.0,0.0,0.0,0.0001279321146813,0.0,4.095454021624717e-06,1.0,1.0,1.0,0.0217156883586973,1.0,0.0,1.0,0.0714350117232378,1.0,0.0,1.0,0.0,1.475147984848283e-08,1.0,0.0,1.0,0.0863631363060823,1.0,1.0,0.0,0.0004701437679961,1.0,0.0,0.0,0.0253613278035054,1.0,0.0,1.0,0.0020230590445261,1.0,1.0,1.0,0.0020336394278601,1.0,0.0,0.0,0.9704629930299542,1.0,0.9688591952577832,8.769316111003608,0.6919027576716268,11.185128251069566,P,S,1,0.0,0.0,-1.6,115.1,1.0,0.0,-0.8,105.1,0.8,10.0,0.0,1.0,36.955982896595856,21.211783276083917,5.812708877178965,5.989624456498518,5.803102730819491,52.524910245233684,4.144237678868744,66.99471772167877,21.850569057203817,5.987756666994818,6.17,5.977861234740522,54.10668040489226,4.269040014833937,69.01224130909922,3.4368182571574915,3.541421241037896,3.431138533660796,31.055842344884013,2.450319122750995,39.61125077207081,0.9704629930299542,0.9402419944544611,8.510296759910359,0.6714660210956861,10.854753039956869,0.9688591952577832,8.769316111003608,0.6919027576716268,11.185128251069566,8.496232550268068,0.6703563489943734,10.836814356186355,6.067514000097622,98.08592537574596,7.739021081825853,0,0.0,0.0,0,0.0,0,0.0
VAR_002683,,,,,,,0.0086142150210421,0.0079908836344413,0.0218143676745218,3.4231555488585797e-11,2.8996577900624463e-08,0.0001182988561706,0.0181136174315332,0.092328315805095,0.0027442549588748,0.0001123506664918,0.0017268440399545,0.0161068015400512,0.0003373800653775,9.0744078351254e-07,0.0033323559953304,1.387981990627397e-05,0.0002115900032168,0.066857966892765,6.187987552739126e-09,0.0002470501935144,gnomADe_NFE,,,,,,,,,,,,,1.0,0.0020353854769542,1.0,0.0,8.931957370353308e-08,1.0,0.0,4.100951217340821e-05,1.0,1.0,2.0619812124803625e-11,1.0,0.0,2.470359702452064e-11,1.0,0.0,0.0003932918878515,1.0,0.0,0.0001705164771955,1.0,0.0,0.0037911065091607,1.0,1.0,0.0001651882192805,1.0,1.0,0.0002079681459541,1.0,0.0,4.565440318421623e-05,1.0,0.0,0.0001808780211677,1.0,0.0,4.146052626680859e-05,1.0,1.0,0.0001387937072795,1.0,0.0,2.2509010469034986e-05,1.0,0.0,0.013952603891153,0.0,1.0,0.0002242800727302,1.0,0.0,0.0001545177869239,1.0,1.0,0.0009442436102119,1.0,AllofUs_EUR,0.0,0.0140473942379886,0.0,G/G,G/G,5.812073154012664,0.190712053954977,,1.0,2.9216849432592295e-05,1.0,0.0,0.0058087409622546,1.0,1.0,8.634097590355994e-05,1.0,0.0,4.705200000000088e-05,1.0,0.0,0.0014573613975701,1.0,0.0,9.487140025711504e-05,1.0,0.0,1.237500591876454e-05,1.0,1.0,0.0050495553928881,1.0,1.0,0.0001727892948317,1.0,0.0,0.0003770136448961,1.0,0.0,0.0373069924524897,1.0,1.0,0.0566787810937744,1.0,0.0,0.0034147012433314,1.0,0.0,0.0084536055324717,1.0,0.0,2.071800000000808e-06,1.0,1.0,0.0089337565993608,1.0,0.0,3.842102606627727e-06,1.0,1.0,2.0928919667475177e-05,1.0,1.0,0.0232397879863149,1.0,1.0,0.0038989840170367,1.0,1.0,8.898342618914745e-05,1.0,1.0,0.0153133086565269,1.0,1.0,4.8996092036743866e-06,1.0,0.0,4.346425801950496e-05,1.0,1.0,0.0007735073413503,1.0,1.0,1.9950618084228527e-05,1.0,1.0,5.691489314716588e-05,1.0,1.0,3.105902401128083e-05,1.0,1.0,0.0002035262439036,264690.0,G/G,0.0003843816916744,0.0,8.234476697888848e-05,0.0,1.7895289672850286e-06,1.0,0.0,0.0,5.8922265588173e-07,1.0,1.0,1.0,0.0,0.0515770059047878,1.0,0.0,0.0,6.514522870562772e-09,1.0,1.0,0.0,3.860439145894892e-05,1.0,1.0,0.0,0.0002105460003006,1.0,0.0,1.0,0.0199968278699227,1.0,1.0,0.0,2.204399402947657e-11,1.0,1.0,0.0,,0.0,8.748085538985579e-05,1.0,0.0059034837119546,1.0,0.0,0.0,0.0001054053361537,1.0,1.0,1.0,0.0,0.0044675153911363,1.0,0.0,1.0,0.0849911768871846,1.0,0.0,0.0,0.0001700570995046,1.0,1.0,1.0,0.0001841778609089,1.0,1.0,0.0,0.0276174082659809,1.0,1.0,0.0,5.644788489641347e-13,1.0,1.0,1.0,1.0,0.0001038834661533,0.0,0.001605179000648,1.0,0.0,0.0,5.9122335839764914e-05,1.0,1.0,1.0,0.0,0.0036313981668211,1.0,0.0,0.0,3.2505006234505816e-10,1.0,1.0,0.0,0.0285326291644835,1.0,1.0,0.0,0.0002212641,1.0,0.0,1.0,0.0002237691841024,1.0,0.0,1.0,3.769907812632424e-11,1.0,1.0,1.0,1.0,0.0083293898848828,1.0,2.4048797863192904e-05,1.0,1.0,0.0,9.718614827920276e-11,1.0,0.0,1.0,7.502512375558112e-05,1.0,1.0,1.0,0.0,0.0008903287118525,1.0,1.0,1.0,3.506612236929411e-05,1.0,0.0,1.0,1.867281693618694e-12,1.0,0.0,0.0,0.00024835194236,1.0,0.0,1.0,0.0074617317694451,1.0,0.0,0.0,0.0437661374283051,1.0,0.0,1.0,0.9418444026808382,0.9584946370323192,0.9439861336329628,2.254544684573668,0.7333215025098092,1.0937035315876154,L,V,1,0.0,0.0,3.8,131.2,0.0,0.0,4.2,117.1,0.40000000000000036,14.099999999999994,0.0,0.0,1.1084324089383366,,5.474068568078393,5.5708409481606544,5.486516465048354,13.103578635732566,4.262118217997492,6.356684934389221,,0.1796210805412611,0.18279648093326376,0.18002953445015973,0.42996884752832,0.13985324995299553,0.2085824469268862,,,,,,,0.9027528088884915,0.8890880561705318,2.1234302917595453,0.690674752504366,1.0300985494180608,0.904805646520069,2.1609689891135826,0.7028847273761345,1.048308969530037,2.1282589198934447,0.6922453298641498,1.03244096812411,1.6533060955670662,2.465803483640307,0.8020363170841147,18,0.05389221556886228,0.05249018262139668,1,0.1111111111111111,19,0.05894210649274574
VAR_002594,0.0168967972610563,0.0020700000398871,0.0501927620379493,0.0003060384339318,1.424966139530301e-07,0.014398008374728,1.6011000000000044e-05,0.0001835253779693,0.0019625607535297,0.0862665368270994,7.712462730264435e-05,7.02108101301433e-05,9.087620041919598e-06,1.4924877755727672e-05,7.303500040062134e-05,0.0029987092856943,0.0001740740595629,0.0006661369437242,0.0029648251456423,0.0032384276841529,0.0038001431398369,0.0789513065903848,0.0115258676534215,1.2094950781619262e-06,0.0038725484308158,0.0820339842769371,AFR,0.0,0.0005391628408057,0.0,0.0020467258312534,1.0,2.9682593878864706e-06,0.0,0.0477238477526917,1.0,0.0038182584396197,0.0,6.69061864682132e-08,1.0,0.0056872033966242,1.0,1.0,2.5614271866865784e-07,1.0,0.0,3.648263612013806e-05,1.0,0.0,0.0066653451237002,1.0,0.0,0.0065818485299011,1.0,1.0,2.901047427700158e-05,0.0,1.0,0.0622653182396268,1.0,1.0,1.1064691780417133e-07,1.0,0.0,4.783681690496532e-05,1.0,1.0,2.930432115104652e-10,1.0,1.0,0.0023824157496263,1.0,0.0,0.0009313930852592,1.0,1.0,0.0001251165353543,1.0,1.0,4.584600000009524e-05,1.0,1.0,2.2817715295927875e-05,1.0,0.0,8.370900014428424e-05,1.0,1.0,1.0512000056021463e-05,1.0,1.0,0.0001203607909601,1.0,0.0,0.085280718378728,1.0,AllofUs_AFR,1.0,0.0003111228922914,0.0,C/C,C/C,5.701982081385853,-1.568150639366182,,0.0,0.0049980305513696,1.0,1.0,0.000226423020625,1.0,1.0,9.435938538781297e-08,1.0,1.0,2.568018573324532e-05,1.0,1.0,4.056485182037103e-05,1.0,0.0,0.0001521230574108,1.0,1.0,9.217108982909482e-06,1.0,1.0,1.3196152710383805e-05,1.0,1.0,8.375563648063975e-05,1.0,1.0,1.0476e-05,1.0,0.4565159611201694,6.05871505584983e-06,1.0,1.0,0.0003892014417355,1.0,1.0,0.000148086854246,1.0,1.0,0.0004271828838757,1.0,0.0,0.0397066723780185,1.0,0.0,0.0303612589442738,1.0,1.0,5.923053747217793e-07,1.0,0.0,2.812546078685868e-05,1.0,1.0,2.273402888714068e-05,1.0,0.0,9.054000002619664e-05,1.0,1.0,0.0038891812045418,1.0,0.0,0.0195074019784257,1.0,0.0,0.0903318638179891,1.0,0.0,0.0046590818992589,1.0,1.0,0.0015124974298609,1.0,0.0,0.0002749534201612,1.0,1.0,2.7225022794289664e-05,1.0,1.0,0.0001628002305552,1.0,0.0,4.0864666053178696e-05,264690.0,C/C,0.0020423498315025,0.0,0.0008050391063459,0.0,0.0010466954428098,1.0,0.0,1.0,0.002675526243353,1.0,0.0,1.0,1.0,1.3988279824450396e-12,1.0,1.0,0.0,9.949147591521396e-05,1.0,0.0,0.0,8.650671534155825e-06,1.0,1.0,1.0,0.0022696210169196,1.0,0.0,1.0,0.0030635009619693,1.0,0.0,0.0,5.737440829018367e-05,1.0,0.0,0.0,,1.0,0.0049727964128602,1.0,0.0003679005275703,1.0,1.0,0.0,0.0001308613735875,1.0,1.0,1.0,0.0,0.0791315180372002,1.0,1.0,0.0,0.0706936069353013,1.0,0.0,0.0,1.816545431055185e-11,1.0,0.0,0.0,0.0001202828640803,1.0,0.0,1.0,0.0412084878432255,1.0,0.0,0.0,8.844921007184584e-05,1.0,0.0,1.0,0.0,0.0075269965718264,0.0,0.0004534464238291,1.0,0.0,1.0,4.69197060868317e-09,1.0,1.0,1.0,0.0,2.4229998958771085e-13,1.0,0.0,0.0,0.0764871395042407,1.0,0.0,1.0,3.990359329891099e-06,1.0,0.0,1.0,0.0003715766325877,1.0,1.0,1.0,0.0003339417854852,1.0,0.0,1.0,8.821245268113543e-05,1.0,0.0,1.0,0.0,2.076331019453723e-05,1.0,0.0001947103509348,1.0,1.0,1.0,5.2673781084582535e-11,1.0,0.3549650935422218,1.0,0.0008912601870683,1.0,1.0,1.0,0.0,0.0063930931267042,1.0,0.0,0.0,0.0389753516597691,1.0,1.0,1.0,7.185372153297554e-07,1.0,1.0,0.0,0.0021671984665,1.0,1.0,1.0,0.000262328740287,1.0,1.0,0.0,0.009963398605143,1.0,0.0,1.0,0.994688284113742,0.7152071266491085,0.0101230590626711,1.015951374591742,-0.8218847515981805,-0.6185051510556852,R,H,1,1.0,1.0,-4.5,174.2,1.0,1.0,-3.2,155.2,1.2999999999999998,19.0,0.0,0.0,-8.941566846579738,,5.671694772580997,4.078098220632679,0.057721501384161274,5.792936533481439,-4.686372126577088,-3.526705288564367,,-1.559821068703015,-1.1215525129340493,-0.015874481541469306,-1.5931647976309915,1.2888390987040024,0.9699092480792496,,,,,,,0.7114081495925214,0.01006928824903038,1.0105549295356573,-0.8175191333064432,-0.6152198274190903,0.0072400839851122145,0.7266156634369718,-0.587817831627251,-0.44235929190420936,0.010284535769794094,-0.008319987883137146,-0.006261164174703011,-0.8349949431421638,-0.6283711584070963,0.5083399524375969,0,0.0,0.0,1,0.1111111111111111,1,-0.0
VAR_000488,0.0628481752049236,0.0002198370194138,0.0013818801925323,0.0211686451413509,0.0902320205322677,1.88720194018428e-08,0.0016179017715401,1.3702923483824328e-09,0.0008860164917053,0.0335989746863703,6.801302114095436e-05,5.837046043605666e-09,8.902810001996414e-06,0.0046463232827519,1.1821809686634057e-07,0.0001951209456637,0.0001611537667338,3.16707389975077e-06,0.0017079089075983,0.0018453321733459,0.0020103541302326,4.292512190799173e-06,0.0014901302623096,0.000857593047736,2.113002823612798e-06,0.0050598825279891,gnomADg_AMR,,,,,,,,,,,,,,,,,,,,,,,,,,,,,,,,,,,,,,,,,,,,,,,,,,,,,,,,,,,,,,,,,,,,,,,,,,,,,,,,,,,,,,,,,,,,,,,,,,,,,,,,,,,,,,,,,,,,,,,,,,,,,,,,,,,,,,,,,,,,,,,,,,,,,,,,,,,,,,,,,,,,,,,,,,,,,,,,,,,,,,,,,,,,,,,,,,,,,,,,,,,,,,,,,,,,,,,,,,,,,,,,,,,,,,,,,,,,,,,,,,,,,,,,,,,,,,,,,,,,,,,,,,,,,,,,,,,,,,,,,,,,,,,,,,,,,,,,,,,,,,,,,,,,,,,,,,,,,,,,,,,,,1,,,,,,,,,,,,,,,,,,,,,,,,,,,,,,,,,,,,,,,,,,,,,,,,,308,0.9221556886227545,0.6534473107132608,9,1.0,317,
VAR_005186,,,,,,,0.0019232857791525,0.0001115403776753,2.0319568331836357e-14,0.0001035876331077,0.001107839328582,0.0378211003393169,1.092056679409166e-09,0.0040608812946549,2.281647906346398e-09,3.5478e-05,0.0371925140138178,0.0004125581228588,3.9144203609109606e-10,2.514657741087994e-10,0.001041300001012,2.0538895343777933e-11,6.2983052941456485e-16,3.641802272120666e-06,2.836755963220272e-07,0.0010502645529535,gnomADg_EAS,,,,,,,,,,,,,1.0,0.0754847532346825,1.0,1.0,0.0072814266611986,1.0,0.0,0.0023330957653233,1.0,1.0,0.0232004940730062,1.0,1.0,0.0009293806278176,1.0,0.0,0.0004021606278102,1.0,0.9415012846109212,0.0100302149196026,1.0,0.0,0.0007062718160801,1.0,1.0,0.0150763042159274,1.0,1.0,0.0018867927366201,1.0,0.0,0.0013857738784933,1.0,1.0,0.0004114188608483,1.0,0.0,4.003666940688162e-07,1.0,0.0,2.7500408938203142e-05,1.0,0.0,1.0506451001388561e-07,0.0,1.0,0.0005022,1.0,0.0,0.0011842836591123,0.0,1.0,4.702235675928568e-20,1.0,0.0,0.0005022038931074,1.0,AllofUs_EAS,1.0,0.0389838481119842,0.0,C/C,C/C,4.75408167302204,3.632011775100325,2.111555402827198,0.0,5.5560031397604505e-24,1.0,1.0,2.281909106601715e-05,1.0,0.0,0.010062875837865,1.0,0.0,3.0725229645206158e-06,1.0,1.0,0.0277889499990135,1.0,0.0,7.723740526857974e-06,1.0,1.0,0.0001800871879729,1.0,0.0,0.0009622241086341,1.0,1.0,1.7278566896912706e-05,1.0,1.0,3.4427931628679835e-05,1.0,1.0,1.1324504459039017e-05,1.0,1.0,0.0011094656534316,1.0,1.0,0.0523056144568647,1.0,1.0,0.0008831338126231,1.0,0.0,2.7630874703996592e-08,1.0,1.0,6.259334352693825e-08,1.0,1.0,0.0143893426490117,1.0,0.0,2.5398649779241344e-12,1.0,0.0,0.0444890379448203,1.0,0.0,3.008537724860398e-07,1.0,1.0,1.1387365081053284e-05,1.0,1.0,0.0024030206566046,1.0,0.0,2.410175172357647e-05,1.0,0.0,0.0004261726784871,1.0,1.0,1.4839546610096615e-06,1.0,1.0,3.798279079755209e-12,1.0,1.0,0.0007988102823228,1.0,0.0,1.2215626717850758e-08,1.0,0.0,0.0002950864417692,264690.0,C/C,0.001886400223083,0.0,0.0001254077455033,0.0,0.0514821656914839,1.0,0.0,0.0,8.986631754901612e-10,1.0,0.0,1.0,1.0,3.6681904181527933e-09,1.0,0.0,0.0,0.0019784524387278,1.0,1.0,0.0,7.279375977332273e-05,1.0,0.0,1.0,0.00021393794584,1.0,0.0,0.0,0.0042670050634138,1.0,0.0,1.0,0.0525402811983094,1.0,0.0,1.0,,1.0,0.0001095147212617,1.0,3.3043794141777897e-07,1.0,0.0,0.0,2.1755716185621246e-10,1.0,0.0,1.0,0.0,0.0016088183705737,1.0,1.0,1.0,0.0014434660843108,1.0,0.0,0.0,1.6070694498376454e-19,1.0,1.0,0.0,0.000463935693474,1.0,0.0,1.0,0.0177639029124069,1.0,1.0,1.0,0.0442394061765478,1.0,1.0,1.0,0.0,8.489759200763379e-05,1.0,0.0002001177819447,1.0,1.0,1.0,4.4522289744754985e-08,1.0,1.0,1.0,1.0,0.0002664202777152,1.0,0.0,1.0,0.0012942812588425,1.0,1.0,1.0,5.684524663277288e-05,1.0,1.0,1.0,2.3303401206807935e-13,1.0,0.0,1.0,0.0458469193712789,1.0,0.0,1.0,0.0059339923795697,1.0,0.0,1.0,1.0,1.5646140000073314e-05,1.0,0.0389165632977529,1.0,1.0,1.0,0.0203206100097923,1.0,0.0,0.0,0.0031733689331218,1.0,1.0,1.0,0.0,0.0029784293800415,1.0,1.0,1.0,0.0025778057614913,1.0,1.0,0.0,0.0002483910346662,1.0,0.0,0.0,0.0154159543537825,1.0,1.0,1.0,0.0005631339330194,1.0,1.0,0.0,0.0171055811512499,1.0,1.0,0.0,1.0,1.0,0.0634751712509668,1.2064598007090928,0.6954558879985311,-1.0574776417599852,D,E,1,1.0,-1.0,-3.5,133.1,1.0,-1.0,-3.5,147.1,0.0,14.0,0.0,0.0,17.266880616204702,10.038506842151453,4.75408167302204,4.75408167302204,0.3017661483361567,5.735608427788921,3.3062540915290852,-5.0273350763217115,7.669194086845093,3.632011775100325,3.632011775100325,0.23054256941002105,4.381876202360616,2.525903974273518,-3.840771246777589,2.111555402827198,2.111555402827198,0.13403134080036058,2.5475067104811093,1.468493637731285,-2.2329226278272607,1.0,0.0634751712509668,1.2064598007090928,0.6954558879985311,-1.0574776417599852,0.0634751712509668,1.2064598007090928,0.6954558879985311,-1.0574776417599852,0.07658024245741694,0.044144181588199945,-0.06712357440478357,0.8390395720366729,-1.275804264932073,-0.735429052388783,18,0.05389221556886228,0.05249018262139668,0,0.0,18,-0.056989813028981234
VAR_001765,,,,,,,8.616439773244864e-06,6.829852575014562e-09,2.5473867660700634e-09,1.959908027306104e-05,2.30042366932071e-07,0.0009014220670579,0.0890839522357165,0.0382683538950473,0.016220020861964,0.0380163803777891,0.0387187901668386,5.984092631519941e-10,0.0080274384216955,0.0757735104588204,3.36488675667456e-08,1.5602889926964296e-07,0.0004866828961138,9.61604337560276e-07,2.4643035728016528e-05,0.004944068274838,gnomADg_NFE,,,,,,,,,,,,,,,,,,,,,,,,,,,,,,,,,,,,,,,,,,,,,,,,,,,,,,,,,,,,,,,,,,,,,,,,,,,,,,,,,,,,,,,,,,,,,,,,,,,,,,,,,,,,,,,,,,,,,,,,,,,,,,,,,,,,,,,,,,,,,,,,,,,,,,,,,,,,,,,,,,,,,,,,,,,,,,,,,,,,,,,,,,,,,,,,,,,,,,,,,,,,,,,,,,,,,,,,,,,,,,,,,,,,,,,,,,,,,,,,,,,,,,,,,,,,,,,,,,,,,,,,,,,,,,,,,,,,,,,,,,,,,,,,,,,,,,,,,,,,,,,,,,,,,,,,,,,,,,,,,,,,,1,,,,,,,,,,,,,,,,,,,,,,,,,,,,,,,,,,,,,,,,,,,,,,,,,314,0.9401197604790419,0.6627497033755743,9,1.0,323,
VAR_004320,,,,,,,0.0009738749897662,0.0006316883952037,0.0015056564082857,1.7016915813656165e-07,0.0766044670481471,2.818669804999114e-05,0.0001075716580191,0.0243144085984216,0.0043496374018725,1.182845873731122e-05,3.526163047122806e-05,0.0059595883850933,0.0902870589192654,0.0010648305120909,0.0514108105140371,0.0003337019234903,1.3230335624587775e-05,0.0445769196909273,6.696551274338152e-05,3.3543265135829254e-05,gnomADg_AFR,,,,,,,,,,,,,,,,,,,,,,,,,,,,,,,,,,,,,,,,,,,,,,,,,,,,,,,,,,,,,,,,,,,,,,,,,,,,,,,,,,,,,,,,,,,,,,,,,,,,,,,,,,,,,,,,,,,,,,,,,,,,,,,,,,,,,,,,,,,,,,,,,,,,,,,,,,,,,,,,,,,,,,,,,,,,,,,,,,,,,,,,,,,,,,,,,,,,,,,,,,,,,,,,,,,,,,,,,,,,,,,,,,,,,,,,,,,,,,,,,,,,,,,,,,,,,,,,,,,,,,,,,,,,,,,,,,,,,,,,,,,,,,,,,,,,,,,,,,,,,,,,,,,,,,,,,,,,,,,,,,,,,1,,,,,,,,,,,,,,,,,,,,,,,,,,,,,,,,,,,,,,,,,,,,,,,,,314,0.9401197604790419,0.6627497033755743,9,1.0,323,
VAR_003520,0.0121506424183163,0.0104496995884338,0.0013471322879509,1.5268965092214915e-09,0.0040456154678918,0.0562289751420344,0.0050547171034369,0.0188282121356738,0.0013398043765837,0.0112950184868154,0.0056550857706011,0.0021258000000009,0.0023793125341494,0.0058419,0.047910804356611,0.0036810000030385,0.0169432453069731,0.0093775963039349,0.0045516246788602,0.0104319694030572,0.0011929521807617,0.0011211847849288,0.031260171891569,0.0193109641468607,0.0483458658161416,0.056163907225201,SAS,1.0,0.0427201666776395,1.0,0.0651146703973194,0.0,0.0067252332326152,0.0,0.0512091460183799,0.0,0.0052871903136734,1.0,0.0669080938079382,1.0,0.0002554342529504,1.0,0.0,0.0002637252463527,1.0,0.0,0.0103173464383756,1.0,0.0,0.0007752258724858,1.0,1.0,0.0492474000560345,1.0,1.0,0.079686633956297,1.0,1.0,0.0018243427194511,1.0,1.0,0.009195280299075,1.0,1.0,0.0044053718548334,1.0,0.0,0.0063958493446319,1.0,1.0,0.0480977129451616,1.0,1.0,0.0037513205633956,1.0,1.0,0.00020016,1.0,1.0,0.0029997000004258,1.0,1.0,0.0145937138110796,1.0,1.0,0.0422844092079179,1.0,1.0,0.0036486111657904,1.0,1.0,0.0472053114610747,1.0,0.0,0.0487540556128073,1.0,AllofUs_SAS,1.0,0.0505313484755475,1.0,C/C,C/C,5.409263617580497,5.493575089159809,2.892240450161092,0.0,0.0200204373538383,1.0,1.0,0.0213540399718255,1.0,1.0,0.0229207858911243,1.0,1.0,0.010888545424775,1.0,1.0,0.0017877725203921,1.0,1.0,0.0786326012695374,1.0,0.0,0.0011020533848959,1.0,1.0,0.0799934901904322,1.0,0.0,0.0015462000067365,1.0,0.0,0.0197119293417855,1.0,1.0,0.0037802991498937,1.0,0.0,0.0017001000075196,1.0,1.0,0.0003218430133055,1.0,1.0,0.0039152545997505,1.0,1.0,0.0460871074397865,1.0,1.0,0.0016633023145027,1.0,1.0,0.009261000000571,1.0,1.0,0.0130230004097897,1.0,1.0,0.0010872000737671,1.0,0.0,0.0006559466310871,1.0,1.0,0.0064580845275618,1.0,1.0,0.0446272437418973,1.0,1.0,0.0778257049779429,1.0,1.0,0.0942602376178615,1.0,1.0,0.0091825016047176,1.0,0.0,0.0009157484115292,1.0,1.0,0.0912825030018967,1.0,1.0,0.0014732271291761,1.0,1.0,0.00219653181,264690.0,C/C,0.0661626186491788,1.0,0.0092236500827154,0.0,0.0006283993355586,1.0,0.0,1.0,0.001262862006172,1.0,0.0,1.0,1.0,0.012196721156976,1.0,0.0,0.0,0.0011730622668464,1.0,1.0,0.0,0.0196326069343115,1.0,1.0,1.0,0.0030513510000376,1.0,1.0,1.0,0.0607844196927677,1.0,0.0,1.0,0.0502203242399875,1.0,1.0,0.0,,1.0,0.0085690247013399,1.0,0.0003625137100715,1.0,1.0,1.0,0.0013664250008943,1.0,0.0,1.0,1.0,0.0117422439697892,1.0,1.0,1.0,0.0069410631851492,1.0,0.0,0.0,0.0022476245775469,1.0,0.0,1.0,0.0030901974205629,1.0,1.0,1.0,0.0490973478695248,1.0,1.0,1.0,0.0727609400676568,1.0,1.0,1.0,1.0,0.0093951900000092,1.0,0.0003337866000036,1.0,1.0,1.0,0.0632465997750002,1.0,1.0,1.0,1.0,0.0104550302371775,1.0,1.0,1.0,0.0001469492203654,1.0,1.0,1.0,0.0021929183424181,1.0,1.0,1.0,0.0034976342133504,1.0,0.0,1.0,0.0482909421696387,1.0,0.0,1.0,0.0483141720237273,1.0,1.0,0.0,1.0,0.0111725975449034,1.0,0.000299770196258,1.0,0.0,0.0,0.0031760649147344,1.0,0.0,1.0,0.0014093917812185,1.0,0.0,1.0,1.0,0.0111557700008716,1.0,0.0,1.0,0.0003860500104681,1.0,0.0,1.0,0.0075606913288178,1.0,1.0,0.0,0.0048095681798667,1.0,1.0,1.0,0.0537772234591816,1.0,0.0,1.0,0.0479061900564651,1.0,1.0,1.0,0.0,0.2578353569460482,1.0,0.0800697957385793,0.5969103894608075,5.475925997430386,V,I,1,0.0,0.0,4.2,117.1,0.0,0.0,4.5,131.2,0.2999999999999998,14.099999999999994,0.0,0.0,29.71619586023869,15.644891040351034,0.0,1.3946994156541395,5.409263617580497,0.4331186329557989,3.228845652666151,29.620727270463384,15.888740088865328,0.0,1.416437894023438,5.493575089159809,0.43986943526357347,3.2791720460025724,30.082410649566153,0.0,0.7457218488410843,2.892240450161092,0.23158110207125526,1.726408373519959,15.837694671856887,0.0,0.0,0.0,0.0,0.0,0.2578353569460482,0.02064482436485376,0.15390460333143197,1.4118873341576088,0.0800697957385793,0.5969103894608075,5.475925997430386,0.047794492958362675,0.43845627609382715,3.268637119784733,0,0.0,0.0,0,0.0,0,0.0
VAR_005987,,,,,,,1.908900536589124e-05,0.0629304071137439,0.0028976509060364,6.902455995300949e-05,8.54476990492296e-05,0.0001063971518326,1.295100155922252e-05,0.008560198283962,4.497255118126225e-05,0.0001657316471356,0.003487361068089,5.666276620409518e-05,0.0005384736121513,1.6841929578745726e-07,0.0001734308647501,1.0531772150530024e-06,2.374845445494951e-11,0.012627353047771,0.0002417712799729,0.0040872879531791,gnomADg_AFR,,,,,,,,,,,,,,,,,,,,,,,,,,,,,,,,,,,,,,,,,,,,,,,,,,,,,,,,,,,,,,,,,,,,,,,,,,,,,,,,,,,,,,,,,,,,,,,,,,,,,,,,,,,,,,,,,,,,,,,,,,,,,,,,,,,,,,,,,,,,,,,,,,,,,,,,,,,,,,,,,,,,,,,,,,,,,,,,,,,,,,,,,,,,,,,,,,,,,,,,,,,,,,,,,,,,,,,,,,,,,,,,,,,,,,,,,,,,,,,,,,,,,,,,,,,,,,,,,,,,,,,,,,,,,,,,,,,,,,,,,,,,,,,,,,,,,,,,,,,,,,,,,,,,,,,,,,,,,,,,,,,,,1,,,,,,,,,,,,,,,,,,,,,,,,,,,,,,,,,,,,,,,,,,,,,,,,,314,0.9401197604790419,0.6627497033755743,9,1.0,323,
VAR_006586,,,,,,,5.7835988241740966e-06,1.3329682259204234e-09,0.0586414235069318,0.0021090022952526,0.0398201392261254,7.495416320726407e-07,0.0169457170992439,0.0102902598317115,0.0091745050711614,,,,,,,,,,,0.0444416862108023,gnomADe_NFE,,,,,,,,,,,,,,,,,,,,,,,,,,,,,,,,,,,,,,,,,,,,,,,,,0.0,0.0522770636399799,0.0,0.0,1.837125208108544e-06,1.0,0.0,1.75793120572044e-06,1.0,0.0,2.0616560615929027e-13,0.0,0.0,3.5091000375648986e-06,1.0,0.0,0.0205728269796805,0.0,1.0,0.0036740404245168,1.0,AllofUs_EUR,1.0,4.825700280686516e-05,1.0,G/G,G/G,5.658803517110865,2.9043834140908125,2.8040967878544234,1.0,0.0103691126979935,1.0,1.0,0.0025505884871989,1.0,1.0,0.0099111867454475,1.0,0.0,0.0130052459428926,1.0,0.0,0.0193832813727211,1.0,1.0,4.538258105709021e-06,1.0,0.0,5.3439183412181934e-05,1.0,0.0,0.0171257755684906,1.0,1.0,0.0001500361267463,1.0,1.0,1.5705690308825816e-16,1.0,0.0,0.0003319434737009,1.0,0.0,0.0005119503329562,1.0,0.0,3.297006677877312e-12,1.0,0.0,1.6412239506888708e-10,1.0,1.0,2.5054485637899943e-08,1.0,0.0,1.7120510328844825e-05,1.0,0.0,2.4356182113045085e-05,1.0,0.2650587549972967,0.0002860065508927,1.0,0.0,0.0007376551643731,1.0,0.0,6.592298195058577e-05,1.0,0.0,8.318724727428314e-21,1.0,1.0,0.0002690125407273,1.0,1.0,0.0010059035622246,1.0,0.0,0.0023438994796965,1.0,0.0,0.0015543348266364,1.0,0.0,5.456180009034316e-10,1.0,1.0,0.0562585819631649,1.0,1.0,8.350623672755438e-05,1.0,,,,G/G,1.7118006720937152e-05,,,,,,,,,,,,,,,,,,,,,,,,,,,,,,,,,,,,,,,,,,,,,,,,,,,,,,,,,,,,,,,,,,,,,,,,,,,,,,,,,,,,,,,,,,,,,,,,,,,,,,,,,,,,,,0.0,2.876938555809906e-05,0.0,0.0230214775151996,1.0,1.0,0.0,0.0038361719103158,1.0,1.0,0.0,0.0037182106581271,1.0,1.0,1.0,1.0,5.607844084739836e-06,1.0,0.0,0.0,0.041809326629506,1.0,1.0,0.0,3.987979248958925e-13,1.0,0.0,1.0,0.0026737441571961,1.0,0.0,1.0,0.0806954304534847,1.0,0.0,1.0,2.12771355445915e-09,1.0,0.0,1.0,0.7513044700117908,0.9729546353178584,1.0,0.8261328068983546,0.6638439343797,3.803598805965836,L,V,1,0.0,0.0,3.8,131.2,0.0,0.0,4.2,117.1,0.40000000000000036,14.099999999999994,0.0,0.0,16.43533507869555,15.86783276542989,4.251484377323836,5.505759112326016,5.658803517110865,4.67492323327708,3.756562390680561,21.52381830087816,8.144172202149711,2.182076241634533,2.825833305479963,2.9043834140908125,2.399406422191869,1.9280573125571905,11.047109285902792,2.1067304510607325,2.7282589676228786,2.8040967878544234,2.3165563501648347,1.8614826440307595,10.66565919409572,0.7309851666329988,0.7513044700117908,0.6206772706461213,0.49874891528968257,2.8576607850536426,0.9729546353178584,0.8037897438599073,0.6458900330823734,3.7007290891539317,0.8261328068983546,0.6638439343797,3.803598805965836,0.5484232528515487,3.142277757887786,2.52499599615429,175,0.5239520958083832,0.4213070235738223,0,0.0,175,1.9929035660000636
VAR_000509,,,,,,,0.00027519160742,0.0286947149122581,0.00023589,0.089945532868033,0.0447714679511165,0.0044831867530563,0.0069092228623996,0.0439732831918183,0.0347326035235225,0.0014394153447592,0.0001105877778489,0.0029713967001241,0.0001810893135818,0.0012960000028598,0.0002985679318297,0.0002545913959815,0.0389696318447274,1.895636459169501e-12,5.288617147239931e-07,0.0055999341430709,gnomADg_AMI,,,,,,,,,,,,,0.0,0.0045021400880476,1.0,0.0,0.0020302549022073,1.0,0.0,0.0036867286410149,1.0,1.0,0.0014185422081357,0.0,1.0,6.248525070963e-09,1.0,0.0,0.0004523941320089,1.0,0.0,0.001935484596493,1.0,0.0,3.8416979853719454e-16,1.0,1.0,0.0005886220356176,1.0,1.0,6.993824286177001e-06,1.0,1.0,1.3384386025898585e-08,1.0,1.0,0.0012073957308554,1.0,1.0,0.0163290241294909,1.0,1.0,0.0004403569931783,1.0,0.0,0.0007672812751052,1.0,0.0,7.797517792490259e-06,1.0,1.0,0.0010862591792441,1.0,0.0,0.0068506621016319,1.0,0.0,0.0004211100002718,1.0,AllofUs_OTH,0.0,0.0008709915244134,1.0,G/G,G/G,4.4863949610548906,4.585346383509673,6.305996037259336,1.0,7.94160000059624e-05,1.0,0.0,0.0006744792488356,1.0,1.0,0.0019025127643312,1.0,0.0,0.074910218858564,1.0,0.0,0.0046121241955899,1.0,1.0,0.0006591057930163,1.0,1.0,0.0517794529411641,1.0,0.0,0.0002881800029202,1.0,1.0,6.907642607400358e-05,1.0,0.0,9.873000000018458e-05,1.0,1.0,0.0005418137829122,1.0,1.0,0.000262337029075,1.0,0.0,0.0017963411072553,1.0,1.0,0.0001485629643555,1.0,0.0,3.2247000013326787e-06,1.0,1.0,0.0002532630367701,1.0,1.0,0.0004095171934105,1.0,0.0,0.0068205129669488,1.0,0.0,0.0073139604494392,1.0,1.0,0.0107355943026693,1.0,1.0,0.0005789452559614,1.0,0.0,6.910081313050473e-06,1.0,0.0,0.0016814400261455,1.0,1.0,3.047400011058434e-05,1.0,0.0,0.0003123629416851,1.0,0.0,0.000156179931963,1.0,1.0,0.0003402756079039,1.0,1.0,0.0419084008595719,1.0,1.0,0.0002514504365781,264690.0,G/G,0.0035154377390908,1.0,0.0165953579238523,1.0,0.0004166999134297,1.0,1.0,0.0,0.0006198779262253,1.0,1.0,1.0,0.0,0.0013775792122071,1.0,0.0,0.0,0.0190772340596482,1.0,1.0,1.0,0.0002949536681383,1.0,0.0,1.0,0.0001950903195818,1.0,1.0,1.0,0.0001961660541262,1.0,0.0,1.0,0.0419750246799324,1.0,0.0,0.0,,0.0,0.0002590695071053,1.0,0.0001480617568003,1.0,1.0,0.0,0.0387712049716176,1.0,0.0,1.0,1.0,0.0109577853037883,1.0,1.0,1.0,0.0197999431343785,1.0,1.0,1.0,0.001224178253174,1.0,1.0,0.0,0.0003774771047806,1.0,1.0,1.0,0.0108508283459952,1.0,0.0,1.0,2.5742818621316853e-09,1.0,0.0,1.0,0.0,0.0072272171143356,0.0,0.0001386017784991,1.0,0.0,1.0,0.0001273993644501,1.0,1.0,1.0,1.0,0.000823876741947,1.0,1.0,0.0,4.0265999135678233e-19,1.0,0.0,1.0,0.0005411385442444,1.0,1.0,1.0,0.0005801423345694,1.0,1.0,0.0,0.0014334030851179,1.0,1.0,1.0,5.554057627119775e-12,1.0,1.0,0.0,1.0,0.0115704830401958,1.0,0.0149698310573743,1.0,1.0,1.0,0.00508306542696,1.0,0.0,1.0,0.0006015756790835,1.0,1.0,1.0,1.0,0.0007405392370861,1.0,0.0,0.0,0.0002668678778465,1.0,0.0,1.0,0.0056661403807766,1.0,0.0,1.0,0.0002702794645172,1.0,0.0,0.0,0.0034128181130876,1.0,1.0,0.0,2.197817750026209e-08,1.0,1.0,1.0,0.9608918798254786,0.1280168754445465,1.0,5.599482086006609,0.6561967423846905,11.721934972215031,P,L,1,0.0,0.0,-1.6,115.1,0.0,0.0,3.8,131.2,5.4,16.099999999999994,0.0,0.0,20.571674909669063,28.291188845992394,4.3109404877675885,0.574334264924405,4.4863949610548906,25.121488215177177,2.9439577584953094,52.58922999315862,28.91517612387343,4.40602210610157,0.5870017168478596,4.585346383509673,25.675564932597606,3.0088893595644692,53.74913213258176,6.0593803864141424,0.8072739092556324,6.305996037259336,35.31031184506232,4.137974057140344,73.91847548379961,0.12301037609529446,0.9608918798254786,5.380496867671983,0.6305341213253806,11.26351213064372,0.1280168754445465,0.7168282007582776,0.0840042566369781,1.5006054893071255,5.599482086006609,0.6561967423846905,11.721934972215031,3.6743619038789683,65.63676489025245,7.691895543212681,18,0.05389221556886228,0.05249018262139668,0,0.0,18,0.6317210464067982
VAR_002475,0.0016202859020688,0.0006038678134932,0.0179704822654933,0.0005675416108708,0.0036077192315741,0.0141828247018123,0.0046499255392031,0.0212743876582172,0.0387656817775695,0.0102731131835667,0.046894906460001,0.0048861,0.0170598265402698,0.0040086000000793,0.0648572115564815,0.0033552153917475,0.0032498715179261,1.1749560660744983e-06,0.0732292188049382,0.0015552,1.6316551993942682e-05,0.005047728254832,0.039523700189769,0.0017046001665767,0.0166497306224978,0.0343228347147852,AMR,0.0,0.0016174121411085,0.0,2.0988003800101492e-14,0.0,0.0064841498560113,1.0,0.0044413625686379,0.0,0.0035832069344563,0.0,0.0034948514670446,0.0,0.0064849478669503,1.0,1.0,0.0263031930728029,1.0,0.0,5.98286488615851e-13,1.0,0.0,0.000295095949892,1.0,0.0,0.0028375980374104,1.0,1.0,0.0050868658302916,1.0,1.0,0.0041825710045035,1.0,0.0,0.0064398982515834,1.0,1.0,0.0036858737685716,1.0,1.0,0.0015191369803619,1.0,1.0,0.0007969104869946,1.0,1.0,0.004431270443242,1.0,0.0,0.0008472058375117,1.0,1.0,0.0034164006074758,1.0,0.0,0.0845028110881094,1.0,0.0,0.0001877561013215,1.0,1.0,0.005077962460677,1.0,1.0,0.0026775331878035,1.0,1.0,0.006554524390048,1.0,AllofUs_EUR,0.0,0.0207753093728003,1.0,C/C,C/C,5.512986778335882,5.455291680093088,,0.0,0.0012858326187937,1.0,1.0,0.004248,1.0,0.0,9.95355269085748e-05,1.0,1.0,0.0018027,1.0,1.0,0.0053388000011198,1.0,1.0,0.0039447093443265,1.0,1.0,0.0004893322467215,1.0,1.0,0.0769434853513915,1.0,1.0,0.0128705147950274,1.0,1.0,0.0273655823690529,1.0,1.0,0.0057798004323866,1.0,1.0,0.0052647349500446,1.0,0.0,0.0008876018201756,1.0,1.0,0.0128971177524475,1.0,0.0,0.0007894234504777,1.0,1.0,0.0057339241576246,1.0,1.0,0.0155093222302178,1.0,0.0,0.00196473969283,1.0,1.0,0.0008800578845391,1.0,0.0,0.0053813145830751,1.0,1.0,0.0069183000043582,1.0,1.0,0.0006624911644789,1.0,1.0,0.0008348627561324,1.0,0.0,0.0046450440565942,1.0,0.0,0.0027515455168387,1.0,0.0,0.0008101854659112,1.0,1.0,0.0031851000029213,1.0,1.0,0.0009657000049916,1.0,1.0,0.0053297175753867,264690.0,C/C,0.0070049806590994,1.0,0.0030274740003191,0.0,0.0011172945452071,1.0,0.0,1.0,0.0019236186366651,1.0,0.0,1.0,0.0,0.0003908587038681,1.0,0.0,0.0,3.941193135859048e-06,1.0,0.0,1.0,0.0056538835596909,1.0,1.0,1.0,0.004882608,1.0,1.0,1.0,0.0143976489248786,1.0,1.0,1.0,0.0118818575027895,1.0,1.0,1.0,,1.0,0.0422968718001111,1.0,0.0004233422178228,1.0,1.0,1.0,0.0018395190958751,1.0,0.0,1.0,1.0,0.0011108117893741,1.0,0.0,1.0,3.1882014856480505e-06,1.0,1.0,0.0,0.0050793468338734,1.0,1.0,1.0,0.004731957,1.0,1.0,1.0,0.0047424341192162,1.0,0.0,1.0,0.001322801946543,1.0,1.0,1.0,1.0,0.002975553,0.0,0.0641951743013289,1.0,0.0,1.0,0.0016815165164337,1.0,0.0,1.0,1.0,0.0005203539006276,1.0,0.4858844584314733,1.0,0.0001728257771845,1.0,1.0,1.0,0.0051114670355986,1.0,1.0,1.0,0.0138648226349215,1.0,0.0,1.0,0.0049252860746928,1.0,0.0,1.0,0.0004746295053938,1.0,0.0,1.0,1.0,0.0133318556322374,1.0,0.0009005948150543,1.0,0.0,1.0,0.0343835116436887,1.0,0.0,0.0,0.0022789350000947,1.0,1.0,1.0,0.0,0.0011863238595804,1.0,0.0,0.0,0.0014513789900317,1.0,0.0,1.0,0.0049050540575556,1.0,0.0,1.0,0.0053769961895486,1.0,1.0,1.0,0.005376996,1.0,1.0,1.0,0.000573110107587,1.0,1.0,0.0,1.0,1.0,1.0,6.662245951099527,0.5242542275453262,7.528813966368456,R,Q,1,1.0,1.0,-4.5,174.2,1.0,0.0,-3.5,146.2,1.0,28.0,1.0,0.0,30.074950904318936,,5.512986778335882,5.512986778335882,5.512986778335882,36.72887384243345,2.8902066249440743,41.50625185313982,,5.455291680093088,5.455291680093088,5.455291680093088,36.344494907767114,2.859959725781647,41.071876191698486,,,,,,,1.0,1.0,6.662245951099527,0.5242542275453262,7.528813966368456,1.0,6.662245951099527,0.5242542275453262,7.528813966368456,6.662245951099527,0.5242542275453262,7.528813966368456,3.4927106048106595,50.158810364019814,3.9470125502709585,0,0.0,0.0,1,0.1111111111111111,1,0.0
VAR_003168,,,,,,,7.681533255894631e-05,0.0002723577677554,0.0991265878133083,3.4533000026859004e-05,6.640406724278521e-34,1.4517023830124536e-05,0.0449526756789172,0.0313746976711202,0.0011200256098394,0.0310808011089584,0.0698117154036244,1.1056653072755007e-20,0.0027210030723097,5.780625036407796e-12,6.601212818206096e-05,0.003039817062476,0.0291158751519071,0.0002517207208132,6.331129372493376e-11,0.0015942794651318,gnomADg_AMR,,,,,,,,,,,,,1.0,0.0003700078115053,1.0,0.0,0.0001524785363758,1.0,1.0,1.3851561756302282e-15,1.0,1.0,7.068917056100306e-06,1.0,1.0,0.0109021400013781,1.0,1.0,9.32234596965622e-05,1.0,0.0,0.000195494941545,1.0,0.0,0.0005457964979003,1.0,1.0,0.0003798841007444,1.0,0.0,0.0006084917398124,1.0,0.0,1.3498816782370346e-09,1.0,0.0,0.0001114597093795,1.0,1.0,0.07184046105104,1.0,0.0,0.0097514565156464,1.0,1.0,0.0007933787410036,1.0,1.0,0.0073643827559716,0.0,1.0,8.109085548273902e-05,1.0,1.0,0.0002210595521795,1.0,1.0,0.0011812390806235,1.0,AllofUs_MID,0.0,0.0033342967983595,0.0,A/A,A/A,5.4375954583854815,4.37138201644016,1.8316139580600552,0.0,0.0002403727935404,1.0,1.0,0.00010899,1.0,1.0,1.966588273569492e-07,1.0,1.0,0.0044762717755491,1.0,0.0,6.74640000083991e-05,1.0,0.0,5.711400143844104e-05,1.0,1.0,0.0001838809130767,1.0,0.0,8.859769568347904e-05,1.0,0.0,6.305087185037984e-05,1.0,1.0,0.0005281084839024,1.0,1.0,0.0002169550883099,1.0,0.0,0.005291965573983,1.0,0.0,0.0039877577696887,1.0,1.0,0.0003174609200617,1.0,1.0,1.8356924172310943e-05,1.0,0.0,0.0010037138706166,1.0,0.0,0.0003640394645229,1.0,0.0,0.0176196972103486,1.0,1.0,0.0003218800085122,1.0,0.0,7.956220711057349e-05,1.0,1.0,7.742704148856264e-05,1.0,1.0,0.0082426449497556,1.0,0.0,0.0002373093477805,1.0,1.0,0.0004458618244142,1.0,0.0,0.0004402973330844,1.0,1.0,0.000157703318143,1.0,1.0,0.00034659,1.0,0.0,0.0959372476327694,1.0,1.0,0.0100499966875976,264690.0,A/A,0.0011447999999999,1.0,0.0004774042128048,0.0,0.0001398578878578,1.0,1.0,0.0,0.0006399663737394,1.0,0.0,1.0,0.0,0.0130597920945021,1.0,0.0,1.0,2.831980413813361e-09,1.0,0.0,0.0,0.0077356927812864,1.0,0.0,1.0,2.104479143842329e-05,1.0,0.0,0.0,0.0077533371197133,1.0,1.0,0.0,0.0345168517042932,1.0,1.0,1.0,,0.0,0.0321794367156826,1.0,0.0020902954761915,1.0,1.0,1.0,0.0211385359219157,1.0,1.0,1.0,0.0,1.9954486358733038e-07,1.0,0.0,0.0,7.122691140605304e-11,1.0,0.0,1.0,5.612123470661215e-05,1.0,1.0,0.0,0.0505255240632539,1.0,0.0,0.0,0.0008406627187016,1.0,0.0,0.0,9.992655497160693e-14,1.0,1.0,0.0,0.0,0.0001254249000281,0.0,1.827099573720826e-18,1.0,0.0,0.0,0.0075760037131873,1.0,1.0,1.0,1.0,8.55188003817942e-06,1.0,0.0,0.0,2.125884544070008e-06,1.0,0.0,0.0,0.017661352341935,1.0,1.0,1.0,0.0029769062208752,1.0,0.0,0.0,0.0020516368799979,1.0,0.0,1.0,0.0201449660794519,1.0,1.0,1.0,0.0,0.0096486373307496,0.0,6.020264101364563e-05,1.0,0.0,1.0,2.5029320869344966e-06,1.0,1.0,0.0,0.0009072777280617,1.0,1.0,1.0,0.0,3.067592223368771e-05,1.0,1.0,0.0,2.9209443304778166e-10,1.0,1.0,1.0,0.0001996457835876,1.0,0.0,0.0,0.0168676028208626,1.0,0.0,1.0,0.0045656331659919,1.0,0.0,0.0,1.97946e-05,1.0,1.0,1.0,1.0,1.0,0.912370980315108,4.122556209530467,0.7426576326436081,4.759008569437097,F,L,1,0.0,0.0,2.8,165.2,0.0,0.0,3.8,131.2,1.0,34.0,0.0,0.0,23.769806999462983,9.959575739862812,5.4375954583854815,5.4375954583854815,4.961104298924141,22.416792921881733,4.038271770398197,25.877563383588747,8.006684317324506,4.37138201644016,4.37138201644016,3.988322095671342,18.021268076105194,3.246440219710291,20.80344447652194,1.8316139580600552,1.8316139580600552,1.6711114224740877,7.550931496263157,1.3602620860098695,8.716666522308403,1.0,0.912370980315108,4.122556209530467,0.7426576326436081,4.759008569437097,0.912370980315108,4.122556209530467,0.7426576326436081,4.759008569437097,3.761300650293448,0.6775792723335461,4.341981313825324,3.061647835010103,19.61928032914161,3.5343140379087985,18,0.05389221556886228,0.05249018262139668,0,0.0,18,0.2564735157181669
VAR_002765,,,,,,,0.0004177310633724,0.0122717210753314,0.0011508349911018,0.0067500000000384,3.20223159505948e-07,1.803438903124361e-05,0.0045866384272455,0.0006111224886169,0.0007659246977028,0.0002898904797729,0.002434557252334,0.052564331140584,0.0057902365708843,0.0092838428529396,0.00017798182307,0.0074922239252738,0.0002512802198878,0.001048042044408,1.1577835133937434e-05,0.0071145718925343,gnomADe_ASJ,,,,,,,,,,,,,0.0,0.0007442109875635,1.0,0.0,2.6615522601292587e-11,1.0,1.0,0.0007025716744995,1.0,1.0,0.0001447192040741,1.0,0.0,4.911453327631846e-06,1.0,1.0,0.0005356972621755,1.0,0.0,0.0498534344355577,1.0,0.0,1.0307347696872776e-06,1.0,1.0,0.0019627774100633,1.0,0.0,1.4259097336153297e-21,1.0,0.0,3.2799303130396864e-05,1.0,0.0,0.0004996317077066,1.0,0.0,0.0237450673510354,1.0,1.0,0.0140722543514742,1.0,0.0,0.0002475907694225,1.0,1.0,1.9904171846601478e-13,1.0,0.0,0.0007560798760073,1.0,1.0,0.0583677177543421,1.0,0.0,0.0585590619964613,1.0,AllofUs_MID,1.0,0.0040245285398776,1.0,C/C,C/C,5.561640405213099,5.382528593010566,3.7379153666718503,1.0,0.0517619181645934,1.0,0.0,0.085617204144474,1.0,0.0,0.0003050294724317,1.0,1.0,0.0057879000000005,1.0,1.0,0.0217384747493552,1.0,0.0,0.0026187431378132,1.0,0.0,7.691036399819848e-05,1.0,0.0,0.0003872700000861,1.0,1.0,4.641179105811319e-05,1.0,1.0,0.0413880945259426,1.0,0.0,0.0001149300007668,1.0,0.0,0.0001888176820054,1.0,1.0,0.0428100574240018,1.0,0.0,0.0758006685764736,1.0,1.0,0.000201549103736,1.0,1.0,0.0002141100000095,1.0,1.0,0.001894500005637,1.0,1.0,0.0357242099596601,1.0,0.0,0.0001480265433224,1.0,1.0,4.935541481125002e-05,1.0,1.0,0.0004907856682072,1.0,1.0,0.0005128114685231,1.0,1.0,0.0161125563922507,1.0,1.0,0.0187469484282241,1.0,1.0,0.0003032100113412,1.0,1.0,0.0310475817291821,1.0,1.0,0.0009382029145784,1.0,0.0,0.0005497014669849,1.0,1.0,0.000350221005,264690.0,C/C,0.0066675262916607,0.0,0.0003955474289175,1.0,0.02315488344458,1.0,0.0,1.0,5.263920207421351e-05,1.0,1.0,1.0,1.0,0.0050650740074826,1.0,1.0,1.0,1.5251068454001222e-09,1.0,1.0,1.0,2.367009620284229e-05,1.0,1.0,0.0,0.0004842326404623,1.0,0.0,1.0,0.0004840524,1.0,1.0,1.0,0.0006291725664173,1.0,0.0,1.0,,0.0,0.0006505705341557,0.0,0.0002106504553973,1.0,1.0,0.0,7.888005690824263e-05,1.0,0.0,1.0,1.0,0.0065487430797815,1.0,1.0,1.0,0.0163157411171118,1.0,1.0,0.0,0.0231436540425099,1.0,0.0,0.0,0.0013859839586236,1.0,0.0,1.0,0.0026415336716156,1.0,0.0,1.0,0.0233420690903906,1.0,1.0,1.0,0.0,0.0021721107801857,0.0,1.691893784470673e-05,1.0,0.0,1.0,0.0124191132356609,1.0,0.0,1.0,1.0,0.0392964680239087,1.0,1.0,0.0,7.704748292992976e-07,1.0,0.0,0.0,0.0019544072663488,1.0,0.0,0.0,0.0004479159461876,1.0,1.0,1.0,0.0004422600002985,1.0,0.0,0.0,0.0004411764224996,1.0,1.0,1.0,1.0,0.0004255730520522,1.0,1.5873724550940054e-05,1.0,0.0,0.0,4.5101564474402225e-08,1.0,1.0,0.0,0.0001373234888257,1.0,0.0,1.0,1.0,0.0684896054866343,1.0,1.0,1.0,1.8446739375189504e-23,1.0,0.0,0.0,1.4059475790122475e-05,1.0,0.0,1.0,0.0437768003137425,1.0,1.0,1.0,0.0066578850002359,1.0,1.0,0.0,0.0005435262000001,1.0,0.0,1.0,0.9857277837203487,0.9876171447728812,0.919216128104952,7.802677195290809,0.6315414923598903,8.63621447648004,A,S,1,0.0,0.0,1.8,89.1,1.0,0.0,-0.8,105.1,2.6,16.0,0.0,1.0,29.935688505102377,20.7889411345491,5.482263470480251,5.492771417250051,5.112349559192041,43.39568475816419,3.512406681477346,48.03151938047768,20.119436339364807,5.305707980799712,5.315877520687488,4.947707092681367,41.99813310568427,3.3992901402996734,46.48467135502559,3.6845670301236777,3.69162930183513,3.4359520905361003,29.16574698945753,2.360648648982907,32.28143880150863,0.973521659281191,0.9060968767168945,7.6913156987993165,0.6225279955913563,8.512956555634261,0.9078336078681957,7.706057773197582,0.6237212054900793,8.52927348290744,7.172346720308024,0.5805231253446815,7.9385476325539175,4.927714400316441,67.38559374927117,5.454127778816294,18,0.05389221556886228,0.05249018262139668,0,0.0,18,0.4654247322653914
VAR_006002,0.0461730309609371,0.0059284235714124,0.0362469579647725,0.057150000019232,0.055440000000091,0.1049410009707984,0.0517527221773748,0.0085671000127455,0.0731630081459122,0.0872652916832312,0.0366937087272938,0.0625517537268422,0.0507343830717204,0.0573584424941923,0.1169100000001362,0.040640317461222,0.0155780753726412,0.0641432316243177,0.0427170420275715,0.083826,0.0594028512684361,0.0548998809248226,0.0511020967793391,0.0491615483404096,0.1140300591943892,0.1169100001881236,gnomADe_SAS,,,,,,,,,,,,,,,,,,,,,,,,,,,,,,,,,,,,,,,,,,,,,,,,,,,,,,,,,,,,,,,,,,,,,,,,,,,,,,,,,,,,,,,,,,,,,,,,,,,,,,,,,,,,,,,,,,,,,,,,,,,,,,,,,,,,,,,,,,,,,,,,,,,,,,,,,,,,,,,,,,,,,,,,,,,,,,,,,,,,,,,,,,,,,,,,,,,,,,,,,,,,,,,,,,,,,,,,,,,,,,,,,,,,,,,,,,,,,,,,,,,,,,,,,,,,,,,,,,,,,,,,,,,,,,,,,,,,,,,,,,,,,,,,,,,,,,,,,,,,,,,,,,,,,,,,,,,,,,,,,,,,,1,,,,,,,,,,,,,,,,,,,,,,,,,,,,,,,,,,,,,,,,,,,,,,,,,308,0.9221556886227545,0.6534473107132608,9,1.0,317,
VAR_004594,,,,,,,6.157800018191835e-07,6.394579061811264e-05,3.472062024613556e-05,4.361290909451977e-05,5.664358889525049e-07,1.8124506619652664e-05,3.0035808700081246e-11,0.0001006261601843,0.0008642747100188,2.788787962134801e-05,0.0008131655752509,3.288660939073365e-08,9.233847009594702e-09,0.0003377291146383,3.5794289220943675e-10,0.0623701539272668,0.0002305646028156,0.0037534887532054,1.7621892680604066e-11,1.684800153661323e-05,gnomADe_FIN,,,,,,,,,,,,,1.0,0.0006400835730766,1.0,1.0,0.0002056817840077,1.0,0.8717211906430304,0.0057328411065152,1.0,1.0,5.129527761768504e-05,1.0,1.0,0.0109560306610911,1.0,1.0,0.0001402260272355,1.0,1.0,0.0089259880332763,1.0,0.0,0.0212921976463867,1.0,1.0,0.0140855000314642,1.0,0.0,0.0504001632847722,1.0,0.0,1.7093848891631893e-12,0.9446384033486056,1.0,3.584520647116492e-05,1.0,,,,,,,,,,,,,,,,,,,,,,,,,,C/C,C/C,5.453135058498672,5.527230904204775,3.19647985909442,,,,,,,,,,,,,,,,,,,,,,,,,,,,,,,,,,,,,,,,,,,,,,,,,,,,,,,,,,,,,,,,,,,,,,,,,,,,,,,,,,,,,,,,C/C,8.144435863474529e-05,,,,,,,,,,,,,,,,,,,,,,,,,,,,,,,,,,,,,,,,,,,,,,,,,,,,,,,,,,,,,,,,,,,,,,,,,,,,,,,,,,,,,,,,,,,,,,,,,,,,,,,,,,,,,,0.0,0.0628044525694161,0.0,1.1531374992136561e-22,1.0,1.0,1.0,0.0044035067732625,1.0,0.0932530636965576,1.0,0.014294683596507,1.0,1.0,1.0,0.0,0.083853516523382,1.0,0.0,0.0,0.0004513440397163,1.0,0.0,1.0,2.717156445867006e-05,1.0,1.0,1.0,0.0004089317319014,1.0,1.0,1.0,0.0002105639749954,0.0,1.0,1.0,1.0016399610601536e-10,1.0,0.0,0.0,0.9944701302065232,1.0,1.0,3.0124186945042317,0.5851071735676026,5.510804640074912,E,K,1,1.0,-1.0,-3.5,147.1,1.0,1.0,-3.9,146.2,0.3999999999999999,0.9000000000000057,1.0,0.0,30.140736620136376,17.43083638341268,5.422979931658931,5.453135058498672,5.453135058498672,16.427125993877826,3.190668441160561,30.051161983329663,17.667682261854804,5.496666036986042,5.527230904204775,5.527230904204775,16.650333704667993,3.2340224520147602,30.45948971365713,3.1788037416761568,3.19647985909442,3.19647985909442,9.629135684142284,1.8702832957205047,17.615176039403533,0.9944701302065232,0.9944701302065232,2.995760411360188,0.5818716070825445,5.4803306079580105,1.0,3.0124186945042317,0.5851071735676026,5.510804640074912,3.0124186945042317,0.5851071735676026,5.510804640074912,1.7625877879435783,16.60085091952233,3.2244113270374615,237,0.7095808383233533,0.5362482166793098,0,0.0,237,3.9103613763405813
VAR_002947,,,,,,,1.8468000002232811e-06,7.25204772051845e-12,2.0807370443779142e-09,4.70964577399261e-06,6.004683670303747e-05,0.0001510581612928,5.584323990779092e-10,0.0003957107598534,3.130202903441386e-05,,,,,,,,,,,3.13071466979389e-05,gnomADe_SAS,,,,,,,,,,,,,,,,,,,,,,,,,,,,,,,,,,,,,,,,,,,,,,,,,,,,,,,,,,,,,,,,,,,,,,,,,,A/A,A/A,5.909405961658097,-5.5066590985467725,-3.659176714328495,,,,,,,,,,,,,,,,,,,,,,,,,,,,,,,,,,,,,,,,,,,,,,,,,,,,,,,,,,,,,,,,,,,,,,,,,,,,,,,,,,,,,,,,A/A,3.962075457011615e-05,,,,,,,,,,,,,,,,,,,,,,,,,,,,,,,,,,,,,,,,,,,,,,,,,,,,,,,,,,,,,,,,,,,,,,,,,,,,,,,,,,,,,,,,,,,,,,,,,,,,,,,,,,,,,,0.0,2.0256887552948102e-05,0.0,3.550929991133651e-05,1.0,1.0,0.9890086958157828,0.0599985148236315,1.0,0.0207845124537022,0.0,7.958523681377229e-12,1.0,1.0,1.0,1.0,0.0002076567248781,1.0,1.0,1.0,1.0629241928310273e-08,1.0,1.0,1.0,0.0004742250574466,1.0,1.0,1.0,0.067574274439237,1.0,0.0,0.0,0.0013619294469675,1.0,0.0,0.0,0.0013798745907654,1.0,0.0,0.0,0.4749843125048588,1.0,0.0,0.0239896210558171,-0.2156040401397249,-5.900950182044821,H,Q,1,1.0,1.0,-3.2,155.2,1.0,0.0,-3.5,146.2,0.2999999999999998,9.0,1.0,0.0,-32.5410841057711,-21.623560690413296,2.806875128010285,5.909405961658097,0.0,0.14176440968516418,-1.2740918001592618,-34.871110185223095,20.14983874714749,-2.615576686121864,-5.5066590985467725,-0.0,-0.13210266505770446,1.1872579493188598,32.49452101002834,-1.7380515359891082,-3.659176714328495,-0.0,-0.0877822627530105,0.7889332831944275,21.592619498550903,0.4749843125048588,0.0,0.01139469366444937,-0.1024085367790372,-2.8028587653439807,0.0,0.0239896210558171,-0.2156040401397249,-5.900950182044821,0.0,-0.0,-0.0,-0.00517225922105518,-0.1415615587365102,1.2722686999121084,283,0.8473053892215568,0.6137280309286874,0,0.0,283,-4.999906890774504
VAR_002903,,,,,,,1.2312000000000002e-06,2.104119343783433e-17,4.9048069048114756e-08,0.0181840095281138,0.0001173609683252,0.0049634572273777,0.007803349540436,0.036020140541757,1.4943135547908182e-10,,,,,,,,,,,0.0045899908336267,gnomADe_EAS,,,,,,,,,,,,,,,,,,,,,,,,,,,,,,,,,,,,,,,,,,,,,,,,,,,,,,,,,,,,,,,,,,,,,,,,,,T/T,T/T,5.448722191339478,1.819342515005448,-0.4247912444713718,0.0,2.332202161205995e-07,1.0,0.0,0.0024328705178677,1.0,1.0,0.0192064116820766,1.0,1.0,0.025259529160085,1.0,0.0,0.0001741586353423,1.0,1.0,0.0022671787040118,1.0,1.0,2.9990315261871204e-05,1.0,0.0,0.0017594905852829,1.0,0.0,6.608584517210067e-05,1.0,1.0,4.905506341792221e-05,1.0,0.0,0.0065711194008733,1.0,0.0,0.0042413281262492,1.0,0.0,1.1030293329719817e-06,1.0,1.0,6.8904622259204515e-09,1.0,0.0,0.0076985825654459,1.0,0.0,0.0001753983292576,1.0,0.0,1.8751693694538627e-06,1.0,0.0,0.0002527270247401,1.0,0.0,1.9482785758539164e-21,1.0,1.0,0.0026766668994203,1.0,1.0,4.757820444068914e-07,1.0,0.0,0.0012460227678049,1.0,0.0,3.9207573769564065e-11,1.0,1.0,7.377727893284832e-05,1.0,0.0,0.0848854603553363,1.0,1.0,0.0215834256646714,1.0,0.0,0.076698414120349,1.0,0.0,9.442047165302164e-11,1.0,,,,T/T,0.0002702629105013,,,,,,,,,,,,,,,,,,,,,,,,,,,,,,,,,,,,,,,,,,,,,,,,,,,,,,,,,,,,,,,,,,,,,,,,,,,,,,,,,,,,,,,,,,,,,,,,,,,,,,,,,,,,,,0.0,3.64092322543712e-05,1.0,2.171698611383933e-07,1.0,1.0,0.0,0.0136349888844942,1.0,0.9692548743515828,0.0,0.0211717196203435,1.0,0.0,1.0,1.0,0.0028617395415176,1.0,1.0,1.0,0.0250547359502907,1.0,0.0,0.0,5.893263907337586e-06,1.0,0.0,1.0,3.6170722289073015e-05,1.0,0.0,0.0,4.010479637004454e-05,1.0,0.0,1.0,1.3608393477769195e-22,1.0,0.0,0.0,0.996333044412287,0.9592688141381328,1.0,1.7548278715618206,0.6728038893063997,-0.7066426867179119,E,D,1,1.0,-1.0,-3.5,147.1,1.0,-1.0,-3.5,133.1,0.0,14.0,0.0,0.0,9.913091935157562,-2.3145694804378767,5.428741969054049,5.226789275054349,5.448722191339478,9.561569565759914,3.6659214820832893,-3.850299688467637,-0.7728407710688396,1.812671066804085,1.7452385368803642,1.819342515005448,3.1926329532489404,1.2240607200761522,-1.2856250828635727,-0.4232335538438459,-0.40748899334031446,-0.4247912444713718,-0.7454355153937944,-0.28580120142364457,0.3001756262874955,0.9557512180000102,0.996333044412287,1.7483929956927224,0.6703367473250725,-0.7040514593693351,0.9592688141381328,1.6833516513696514,0.6453997890424736,-0.6778602921072754,1.7548278715618206,0.6728038893063997,-0.7066426867179119,1.180655017050064,-1.2400362818879196,-0.47543194797373484,199,0.5958083832335329,0.4673804311891441,0,0.0,199,-0.42102363669719894
VAR_005729,0.0572302479610502,0.0039977269051892,0.0690169175196739,0.0009,1.9612924070000395e-10,0.0025650651609949,0.0200341688057515,0.0005350531662583,5.6676300243429905e-11,3.6325403799534816e-08,9.702514686874626e-05,3.891613263118178e-06,0.0001966500000022,0.0009406456417608,0.0002817037802522,0.0001386169194572,0.0291141197132479,0.0221233517589913,5.8824000000000615e-05,3.571173227217613e-06,0.0003478500000259,1.2100152779053513e-13,0.0001985369143963,5.924485466743543e-07,0.0003972642817161,0.0009000044435487,EAS&SAS,1.0,0.0637156218956338,1.0,2.466434237857971e-22,0.0,0.0850718740585358,0.0,0.0027501352168698,0.6532741556551591,0.0141599187522059,0.0,0.0009202453987729,1.0,5.448881894877318e-05,1.0,0.0,0.0002548716556287,1.0,1.0,3.8599065099308755e-08,1.0,0.0,0.0004559258646415,1.0,0.0,0.0003784770450024,1.0,0.0,0.0001708067985323,1.0,1.0,0.0002846509787581,1.0,0.0,0.0217799298876551,1.0,0.0,0.0001957283242041,1.0,0.0,2.878301282779882e-07,1.0,0.0,0.0018930043599257,1.0,0.0,0.0002112785447037,1.0,1.0,6.673500000053618e-05,1.0,0.0,0.0760388588676682,1.0,0.0,0.0290644494057608,1.0,1.0,4.026479115259196e-17,1.0,0.0,0.0003389885193018,1.0,0.0,7.27612042497516e-05,1.0,0.0,0.0074504173796173,0.0,AllofUs_SAS,1.0,0.0004128143042414,1.0,G/G,G/G,4.014191409952265,4.0218161270544215,-1.9537588483142605,0.0,0.0030094779724202,1.0,0.0,0.0006165883008558,1.0,1.0,0.0029491244233494,1.0,0.0,0.0904848276657717,1.0,1.0,0.0336482289554209,1.0,1.0,9.819952379196348e-05,1.0,0.0,0.086337121892642,1.0,0.0,0.0004916707208553,1.0,0.0,0.0171621657069656,1.0,1.0,0.0234740315108868,1.0,1.0,0.0020619694390378,1.0,0.0,0.0004498725670446,1.0,1.0,0.0006399423508048,1.0,0.0,7.309801452498462e-05,1.0,0.0,0.0002847415749172,1.0,1.0,0.0517818023739629,1.0,0.0,0.0210936881964296,1.0,1.0,0.0001824300000047,1.0,1.0,0.0393802162816812,1.0,0.0,4.706125221171338e-05,1.0,1.0,6.855844326255146e-05,1.0,0.0,0.0640017928159566,1.0,0.0,0.0002207685704223,1.0,0.0,0.000677244196372,1.0,1.0,0.0109168222402562,1.0,1.0,6.058136847921208e-05,1.0,1.0,6.569100000000015e-05,1.0,1.0,4.483037884103731e-05,1.0,1.0,0.0009747116980138,264690.0,G/G,0.0019271221947974,1.0,0.0001511275090705,1.0,0.0009180655122103,1.0,1.0,0.0,0.0001076834558006,1.0,1.0,1.0,0.786912489177482,6.103008055458701e-08,1.0,0.0,0.0,0.0014698546573656,1.0,1.0,1.0,0.0009833143486543,1.0,1.0,1.0,0.0457560453297684,1.0,0.0,0.0,0.0004610996379276,1.0,1.0,0.0,0.0004604127056339,1.0,0.0,0.0,,0.0,0.0001541109308992,1.0,6.093432418232317e-05,1.0,0.0,1.0,1.496044406077109e-05,1.0,0.0,1.0,0.0,0.000299524020965,1.0,1.0,1.0,0.000282907810582,1.0,1.0,1.0,1.0584007296256953e-08,1.0,0.0,0.0,0.0005627852054616,1.0,1.0,1.0,0.0003835566,1.0,0.0,1.0,0.0003836381609425,1.0,1.0,1.0,1.0,0.00018270074425,1.0,0.0026980481442066,1.0,1.0,0.0,6.328255580050103e-08,1.0,1.0,1.0,1.0,4.2679300011212174e-09,1.0,1.0,0.0,0.0001349466123189,1.0,1.0,0.0,1.5238357366723612e-11,1.0,0.0,1.0,0.0033321403075966,1.0,0.0,0.0,0.0003825279000008,1.0,1.0,0.0,0.0075956297494924,1.0,1.0,1.0,0.0,0.0016906820868519,1.0,0.0001069312600945,1.0,0.0,1.0,1.2997403615450951e-06,1.0,0.7978931657111994,0.0,1.4995027320659537e-05,1.0,1.0,1.0,1.0,0.0928251560215526,1.0,0.0,1.0,6.023493108782423e-05,1.0,0.0,0.0,1.2274069736995049e-06,1.0,1.0,0.0,0.0001967832,1.0,1.0,1.0,0.0002865735,1.0,0.0,0.0,0.0112867629626708,1.0,0.0,1.0,0.1087387139806448,0.0737909028485115,0.9761140010114964,1.6623180990702016,0.6986807319264939,5.733975723031634,R,H,1,1.0,1.0,-4.5,174.2,1.0,1.0,-3.2,155.2,1.2999999999999998,19.0,0.0,0.0,16.144339749629346,-7.842761986021335,0.43649801159036067,0.296210808347117,3.9183084379944857,6.672863033895782,2.8046381923984933,23.017276092268414,-7.857658844525566,0.43732711352251535,0.2967734431060496,3.925751031111652,6.685537739134986,2.8099654353241603,23.060996035027163,-0.21244922459399837,-0.1441696293653773,-1.907091366439646,-3.2477686947713478,-1.3650536621480713,-11.202805804892213,0.00802392787921784,0.10614138116849194,0.1807583323196438,0.07597364427274259,0.6235051461186978,0.07202833341771119,0.12266395335181156,0.051556282011714825,0.4231152455139508,1.6226119706372395,0.6819920446704107,5.597013984711196,1.1614296261530266,9.53169162402463,4.006218355016489,0,0.0,0.0,0,0.0,0,0.0
VAR_005644,,,,,,,6.985571422355725e-07,3.863283445768194e-09,1.9586304745639583e-05,4.139089105652073e-11,6.041104285132701e-07,5.199433494551236e-05,0.056441379264711,1.860725307799723e-06,0.0013059075847176,,,,,,,,,,,0.0004899293868847,gnomADe_SAS,,,,,,,,,,,,,,,,,,,,,,,,,,,,,,,,,,,,,,,,,,,,,,,,,,,,,,,,,,,,,,,,,,,,,,,,,,C/C,C/C,4.8403545691527095,2.190149382963835,-0.8952161310678098,,,,,,,,,,,,,,,,,,,,,,,,,,,,,,,,,,,,,,,,,,,,,,,,,,,,,,,,,,,,,,,,,,,,,,,,,,,,,,,,,,,,,,,,C/C,0.0022779112905258,1.0,2.5288731768763548e-05,1.0,0.0082095502831813,1.0,1.0,1.0,0.0008737922143197,1.0,1.0,1.0,0.0,0.04515281310573,1.0,1.0,0.0,0.0360409834171846,1.0,0.0,0.0,0.0268368927184601,1.0,0.0,0.0,2.242855078776337e-05,1.0,0.5838514085022166,0.0,0.0631821086583842,1.0,0.0,0.0,1.0915762830522983e-05,1.0,1.0,0.0,,0.0,0.0008399423065011,1.0,0.028013646589229,1.0,0.0,0.0,9.561930124309404e-15,1.0,0.0,1.0,1.0,4.1168152021432926e-06,1.0,0.0,1.0,1.390427883346309e-10,1.0,0.0,1.0,2.0202392352273927e-16,1.0,0.0,0.0,0.0040936558171055,1.0,1.0,0.0,1.7518273785582632e-05,1.0,0.0,0.0,0.034347122165855,1.0,0.0,0.0,1.0,6.677218350524189e-05,0.0,0.0006966150985881,1.0,0.0,0.0,6.982920176014686e-05,1.0,0.0,1.0,1.0,2.0740330273108956e-10,1.0,0.0,1.0,1.3744746975239469e-08,1.0,0.0,0.0,0.0534275381824638,1.0,0.0,0.0,0.002636099510551,1.0,0.0,0.0,2.010456019433595e-05,1.0,1.0,0.0,9.770864869350506e-05,1.0,0.0,0.0,1.0,0.0001504540952328,1.0,1.3671282728211475e-14,1.0,0.0,0.7035175741941191,1.6674535183478559e-10,1.0,1.0,0.0,0.000284485782336,1.0,1.0,1.0,0.0,0.0133379341224601,1.0,1.0,1.0,2.760279845371438e-06,1.0,0.0,1.0,5.196755716778101e-05,1.0,0.0,0.0,0.0096445687586016,1.0,1.0,0.0,1.0342953639102592e-05,1.0,0.0,0.0,9.883170000071215e-06,1.0,0.0,0.0,0.6403345459851426,0.9579180007820836,0.957831622983203,-0.1285335462135327,0.5928075715838589,,N,K,1,1.0,0.0,-3.5,132.1,1.0,1.0,-3.9,146.2,0.3999999999999999,14.099999999999994,1.0,0.0,10.601099572955986,-4.333163490393284,3.099446245445511,4.636662771959187,4.636244672785702,-0.6221479377040738,2.8693988377442534,,-1.9606570570774355,1.4024283107797877,2.097983518342831,2.097794338059911,-0.28150766692972223,1.298337137120678,,-0.573237814845882,-0.8575436465403481,-0.8574663197414241,0.11506530395370428,-0.5306909007010059,,0.613387988121791,0.6133326774331616,-0.0823044699585028,0.3795951672067052,,0.9175241533739282,-0.12312459762229878,0.567861043820092,,-0.12311349517749455,0.5678098384068988,,-0.07619565939790601,,,175,0.5239520958083832,0.4213070235738223,1,0.1111111111111111,176,
VAR_003529,0.0681090175873772,0.002415300242776,0.0031608589340807,0.0660609296954097,1.2988182246131002e-06,6.573088488942498e-26,0.0021361529723492,0.0158517092011758,0.047201956675146,0.0069624,0.1107935976292905,0.0014995096304435,0.0007723872853381,0.0061118079482957,0.0001460708629311,0.0035991712154669,0.0008022955363677,0.0853198187856337,0.0154078192651336,0.006739457313567,0.0636035984606036,0.0014462122132512,0.0014089072176168,0.0882751382149316,2.4980849000216468e-05,0.0660603598247299,EAS,1.0,0.0614511194921403,0.0,0.0006811357601267,1.0,0.0025936602786604,1.0,0.0660714288197614,0.0,4.340140645271641e-05,0.0,6.978934965675032e-07,1.0,0.0010093593759611,1.0,0.0,0.0008495966749646,1.0,0.0,0.0011628031534132,1.0,1.0,0.0637518465526742,1.0,1.0,0.0445631043312474,1.0,1.0,0.0016076786825085,1.0,0.0,0.0177867552978481,1.0,1.0,0.0024959847558524,1.0,1.0,0.0081474437309812,1.0,1.0,0.0644233209575211,1.0,0.0,0.001807301127484,1.0,0.0,0.0032413575089754,1.0,0.0,0.0007924502637112,1.0,1.0,0.0038742089565057,1.0,0.0,0.0028476055318732,1.0,1.0,0.0703456265700124,1.0,0.0,0.0045712101665538,1.0,1.0,0.0226484567327475,1.0,1.0,0.0703237481182746,1.0,AllofUs_EAS,1.0,0.00038691,1.0,C/C,C/C,5.211392706667376,5.187949229338774,4.452091279014399,1.0,0.0376139910323571,1.0,1.0,0.0016137016744554,1.0,1.0,3.927507753085512e-10,1.0,1.0,0.005412600000127,1.0,1.0,0.0006587283335904,1.0,1.0,0.0027616754566382,1.0,1.0,0.0275243356876101,1.0,1.0,0.001066929447828,1.0,1.0,0.0015888401507728,1.0,1.0,0.0111592860463144,1.0,1.0,0.0019356703769573,1.0,1.0,0.0006801137898354,1.0,1.0,0.0006362246623125,1.0,1.0,0.0031099270160559,1.0,1.0,0.0001899900953871,1.0,1.0,0.0005814007575428,1.0,1.0,0.0024035041422311,1.0,1.0,0.0060065937147019,1.0,1.0,0.0516715437809765,1.0,0.0,0.0532263430133,1.0,1.0,0.00393618118862,1.0,1.0,0.0011228182876321,1.0,0.0,0.0010167754675243,1.0,1.0,0.0795746070478671,1.0,1.0,0.0307187983610183,1.0,1.0,0.0007238567088322,1.0,1.0,0.0632822686583693,1.0,1.0,0.0656795341171979,1.0,0.0,0.0040632500676598,264690.0,C/C,0.0971667692094375,1.0,0.0074903979121259,0.0,0.000879397356905,1.0,1.0,0.0,0.0024728130000103,1.0,1.0,1.0,1.0,0.0055635520620039,1.0,0.0,1.0,0.0745206027676191,1.0,1.0,0.0,0.0037031212845438,1.0,0.0,1.0,0.0011793330000006,1.0,1.0,1.0,0.0746826885860406,1.0,1.0,1.0,0.0879937088275499,1.0,0.0,0.0,,1.0,0.007082505000576,1.0,0.000870522893578,1.0,0.0,0.0,0.0023654155191126,1.0,1.0,1.0,1.0,0.0096905259897387,1.0,0.0,1.0,0.1630366434013807,1.0,1.0,1.0,0.0020290127266921,1.0,1.0,1.0,0.0011961982330686,1.0,0.0,1.0,0.0748304100374912,1.0,1.0,0.0,0.0003783346724452,1.0,1.0,1.0,1.0,0.0373910373514093,1.0,0.0055334712130476,1.0,0.0,1.0,0.0022712400000817,1.0,1.0,1.0,1.0,0.0081316530000003,1.0,1.0,1.0,0.0686271080604157,1.0,1.0,1.0,0.0017756053631453,1.0,0.0,0.0,0.0011515410000395,1.0,1.0,1.0,0.071201030469529,1.0,0.0,0.0,0.000413276533787,1.0,1.0,0.0,1.0,0.0022705213432303,1.0,0.0006597360022382,1.0,1.0,0.0,8.97121068806918e-07,1.0,0.0,1.0,0.0025651198840379,1.0,1.0,1.0,1.0,0.0069388429645577,1.0,0.0,1.0,0.04039281,1.0,1.0,1.0,0.0015089296821968,1.0,0.0,0.0,0.0008172958914514,1.0,0.0,1.0,0.0403988127205748,1.0,0.0,0.0,0.0001383553795709,1.0,0.0,1.0,0.9733781264938935,0.1112829573848708,1.0,6.069268758346509,0.6140176008254319,6.667782799937836,V,I,1,0.0,0.0,4.2,117.1,0.0,0.0,4.5,131.2,0.2999999999999998,14.099999999999994,0.0,0.0,27.036440776336725,23.201596020873072,5.072655669239832,0.5799391924918922,5.211392706667376,31.62934294205116,3.1998868467070563,34.74843465323821,23.09722351990863,5.049836301199215,0.5773303330033801,5.187949229338774,31.487058177513674,3.1854921390027426,34.59211863833583,4.333568268146839,0.49544188407611434,4.452091279014399,27.020938509029047,2.73366240579625,29.685577653965453,0.10832039656998534,0.9733781264938935,5.907693453187245,0.5976713019257343,6.490273929671699,0.1112829573848708,0.6754061765924023,0.06832969450621715,0.7420105891770568,6.069268758346509,0.6140176008254319,6.667782799937836,3.7266378417646715,40.46856583510292,4.094135997642911,0,0.0,0.0,0,0.0,0,0.0
VAR_004892,,,,,,,0.0106900478879932,0.0002419200000102,0.0010016452103268,5.873902388471319e-06,1.1616469459870468e-06,2.2885677300810176e-14,8.902800034324345e-06,3.463838207098492e-05,1.0431e-05,0.0026041269443049,0.00041259266737,1.7893348686508278e-13,6.0043384558114655e-05,1.5907901680704502e-07,5.101791097095425e-05,0.000255130482615,8.816010620794832e-05,0.0004302948540741,1.1022821249376265e-06,0.0012199448390912,gnomADg_REMAINING,,,,,,,,,,,,,1.0,0.0008133561655828,1.0,0.0,0.0327899239217644,1.0,0.0,0.0018457426285836,1.0,1.0,2.852633218167537e-13,1.0,0.0,6.977776484968401e-08,1.0,0.0,0.0091081233439892,1.0,0.0,0.0029553567863678,1.0,1.0,0.0309994448805963,1.0,0.0,2.017862935107366e-05,1.0,1.0,6.067003501329616e-05,1.0,1.0,0.008676555291765,1.0,0.0,0.0003331774093049,1.0,0.0,0.0004921289757723,1.0,0.0,0.0001413063292812,1.0,1.0,5.481900816508853e-05,1.0,0.0,0.000564168748915,0.0,1.0,6.496171131014092e-06,1.0,1.0,0.0001525469563897,1.0,0.0,0.0035007976866217,1.0,AllofUs_AFR,1.0,0.0057227197032754,0.0,C/C,C/C,5.876430473495759,4.467463816774423,2.639691805415272,0.0,0.0006092291856444,1.0,0.0,4.665413162679501e-05,1.0,0.0,6.077076289773638e-11,1.0,1.0,0.0001265058899191,1.0,0.0,3.997423629219158e-06,1.0,1.0,1.6938982428814437e-05,1.0,0.0,2.475174121592956e-05,1.0,0.0,0.0001087988935662,1.0,1.0,0.0064178648546532,1.0,0.0,0.0048830198981434,1.0,0.0,0.0022828928006361,1.0,1.0,0.0371132775004391,1.0,1.0,0.0010292744140779,1.0,0.0,9.7380000017823e-06,1.0,1.0,0.0271781403184182,1.0,1.0,4.432504461888133e-06,1.0,0.0,0.004264714751248,1.0,1.0,1.0575934064927087e-05,1.0,0.0,1.4636389167555623e-05,1.0,1.0,0.0055702739088041,1.0,1.0,0.0014347407937693,1.0,0.0,0.0110288234519071,1.0,0.0,0.0001348532183898,1.0,0.0,0.0180607451191724,1.0,0.0,7.590020704309258e-05,1.0,0.0,0.0006654304123406,1.0,1.0,0.0414411232727604,1.0,1.0,0.0006822363612541,1.0,1.0,0.0002000723941711,264690.0,C/C,0.001844101168915,0.0,0.0058673316004791,1.0,0.0003769040661447,1.0,0.0,0.0,1.3171300325363129e-11,1.0,0.206920627839404,1.0,0.0,2.802366003781816e-08,1.0,1.0,1.0,0.0002005010536942,1.0,0.0,1.0,0.0513356179797641,1.0,0.0,0.0,0.0006630152463348,1.0,0.0,0.0,0.0269761174430268,1.0,1.0,1.0,2.168762979549551e-12,1.0,0.0,1.0,,0.0,0.0015266876659193,1.0,0.0003637541005002,1.0,0.0,0.0,1.0736599435531833e-08,1.0,1.0,1.0,0.0,1.0750261845637222e-06,1.0,1.0,1.0,9.30434167072976e-09,1.0,1.0,0.0,0.0613134218730492,1.0,0.0,1.0,0.0033631822922347,1.0,0.0,1.0,0.0055057489993809,1.0,0.0,0.0,0.0010940432160249,1.0,0.0,1.0,1.0,0.0273557136838853,1.0,0.000690510299552,1.0,0.0,1.0,0.0004950531398156,1.0,0.0,1.0,0.0,4.890625818361823e-06,1.0,0.0,1.0,2.748046202469767e-17,1.0,0.0,1.0,0.0022315157425516,1.0,1.0,1.0,0.0025561826935085,1.0,1.0,0.0,0.000343987148925,1.0,1.0,0.0,0.0154378265467667,1.0,1.0,0.0,0.0,2.4534440908033383e-05,0.0,0.0003649206761971,1.0,0.0,0.0,0.0167465913659787,1.0,0.0,0.0,0.0020061743301774,1.0,0.0,1.0,1.0,2.4004415745973e-08,1.0,1.0,1.0,2.1475928620121717e-05,1.0,1.0,0.0,9.341206411292732e-15,1.0,0.0,0.0,0.0018036840091226,1.0,1.0,1.0,0.0025660759452447,1.0,1.0,0.0,0.0124423563860001,1.0,1.0,0.0,1.0,1.0,1.0,2.359641855468132,0.5733241015047419,3.4153299199407856,L,F,1,0.0,0.0,3.8,131.2,0.0,0.0,2.8,165.2,1.0,34.0,0.0,0.0,26.252740512132892,15.511965365979341,5.876430473495759,5.876430473495759,5.876430473495759,13.866271306009008,3.369099221272041,20.069948818581864,11.792727628128677,4.467463816774423,4.467463816774423,4.467463816774423,10.541614609850342,2.561304678757141,15.257862839682545,2.639691805415272,2.639691805415272,2.639691805415272,6.228727269594116,1.5133989325891406,9.015418402457287,1.0,1.0,2.359641855468132,0.5733241015047419,3.4153299199407856,1.0,2.359641855468132,0.5733241015047419,3.4153299199407856,2.359641855468132,0.5733241015047419,3.4153299199407856,1.3528395466592489,8.058955429324902,1.958090957692313,18,0.05389221556886228,0.05249018262139668,0,0.0,18,0.18405969628423396
VAR_006556,,,,,,,8.770500009936992e-05,0.0001156827590513,0.0002034308658525,0.0013365162418196,0.0001236788820726,0.0544929746217216,5.370300139895871e-05,0.0001775700001889,4.941644864109871e-06,0.0003782380804698,7.023200755699644e-05,0.0028633487406266,0.0005198784027257,0.0020421000322258,3.752001782167146e-07,0.0001508531445089,8.781992306824011e-05,0.0257755690638945,0.021876874450248,0.0020421000001039,gnomADg_ASJ,,,,,,,,,,,,,0.0,0.0009785855751682,1.0,0.0,4.991820260912399e-05,1.0,0.0,0.000224931738104,1.0,0.0,0.000977525848681,1.0,0.0,1.0068879155551703e-14,1.0,0.0,0.00073218965153,1.0,1.0,1.5305723285135382e-22,1.0,1.0,8.782548872386506e-07,1.0,1.0,5.962862969952442e-10,1.0,1.0,9.262556854670798e-05,1.0,1.0,1.838297395437966e-12,1.0,0.0,0.0001956718491954,1.0,1.0,0.0024550580778168,1.0,0.0,9.927000126368236e-05,1.0,1.0,1.1286783111155848e-05,1.0,0.0,0.0001713135250617,0.0,1.0,0.0013631980154356,1.0,0.0,0.0001510062324402,1.0,0.0,0.0001599236347848,1.0,AllofUs_EUR,1.0,8.236835074581887e-05,0.0,C/C,C/C,5.257757143744646,0.3667792396348322,1.0067774683861268,0.0,0.0008743048164602,1.0,1.0,0.0032022612059814,1.0,0.0,0.0008867532923387,1.0,1.0,0.0015453000000574,1.0,0.0,5.112078279802836e-05,1.0,0.0,0.0005699213944892,1.0,0.0,0.0113930450293705,1.0,0.0,9.03972357435061e-05,1.0,0.0,0.0116120415874027,1.0,1.0,9.685475322208708e-08,1.0,1.0,0.0041161039265152,1.0,0.0,0.0196188175359504,1.0,1.0,0.0817156071233738,1.0,0.0,2.5141856002010392e-05,1.0,0.0,0.001428027587805,1.0,1.0,0.0097208390118066,1.0,1.0,0.0065703229152224,1.0,0.0,0.0004732144343707,1.0,0.0,0.0090156132071574,1.0,0.0,7.579318309686802e-06,1.0,0.0,3.249000062757574e-05,1.0,0.0,0.0030150407917891,1.0,1.0,0.002466463248229,1.0,1.0,0.0032231929854497,1.0,0.0,1.8581542054648583e-05,1.0,0.0,2.438514121967491e-05,1.0,1.0,0.030748265128333,1.0,1.0,0.0025910027780106,1.0,0.0,0.0059471697056268,264690.0,C/C,0.0015453012219559,0.0,0.0806307230386837,0.0,5.17905287818615e-07,1.0,1.0,0.0,0.0345310270589996,1.0,0.0,1.0,0.0,0.0011328124995745,1.0,0.5855506501315615,1.0,1.9768238319989263e-08,1.0,1.0,0.0,0.0029319500539839,1.0,0.0,0.0,0.0059692270618795,1.0,1.0,1.0,0.0001430869529993,1.0,1.0,0.0,5.9031456765141045e-06,1.0,1.0,0.0,,0.0,0.0020048568393012,0.0,3.217994764118744e-06,1.0,0.0,1.0,0.0002523636070816,1.0,0.0,1.0,0.0,0.0055098283207552,1.0,0.0,0.0,0.0016640395993611,1.0,0.0,0.0,0.0006566306335016,1.0,0.0,1.0,0.0002844389154307,1.0,1.0,1.0,0.0020204460164896,1.0,0.0,1.0,0.0138811799929972,1.0,0.0,0.0,1.0,0.0002456553109065,1.0,0.0013424387007599,1.0,0.0,0.0,0.0199849065347462,1.0,0.0,1.0,1.0,0.0014111455077097,1.0,0.0,0.0,3.596745809980244e-17,1.0,1.0,0.0,0.0017793365728812,1.0,0.0,0.0,0.0403577733287414,1.0,0.0,0.0,8.115884061203363e-05,1.0,0.0,1.0,6.386816927534013e-05,1.0,0.0,1.0,1.0,9.305692459288508e-05,1.0,0.0224062719129173,1.0,1.0,0.0,0.0131186244735731,1.0,0.0,1.0,0.0002652414519244,1.0,0.0,1.0,0.0,0.0014235854882788,1.0,0.0,0.0,1.2921859673231507e-16,1.0,0.0,1.0,0.071991533957279,1.0,1.0,1.0,5.457700246846327e-05,1.0,1.0,0.0,0.0034930351884349,0.0,1.0,0.0,7.702863858805348e-05,1.0,1.0,0.0,0.0656805512467833,0.014913150189095,0.439492376664877,0.4289935566984098,0.5806126129730047,0.66730911120819,D,N,1,1.0,-1.0,-3.5,133.1,1.0,0.0,-3.5,132.1,0.0,1.0,1.0,0.0,1.9284361673672685,5.2933914265683075,0.3453323875228613,0.07840972194245106,2.31074418303107,2.255543937351488,3.052720113607061,3.5085492465407517,0.3692650743361449,0.02409026264509181,0.0054698338869163185,0.16119667973844887,0.15734593053408502,0.2129566527086318,0.24475512841033564,0.06612569910644175,0.015014223593039153,0.4424710223536669,0.43190104696678533,0.5845476966020158,0.6718317776131779,0.0009795039252458303,0.028866101568108045,0.028176533285269742,0.0381349564809022,0.04382923027615494,0.006554215820165622,0.006397645341197427,0.008658763098949307,0.009951680997999236,0.18853939780730278,0.2551748171971102,0.29327726725501413,0.24907906990324655,0.2862713090344561,0.3874480867192806,18,0.05389221556886228,0.05249018262139668,0,0.0,18,0.035962766472297666
VAR_000506,0.0476710564604051,0.0007300085030734,0.0871565952725795,7.775513873318186e-06,0.0247568621434576,0.0087630294902717,0.0035580007612222,0.0006589820574911,0.0026533848577817,0.0790117088549865,0.0002785025661095,0.0137611029993716,0.0036684061399183,0.0034938000000002,0.0037486415845275,0.0031320000000078,0.0118054681812468,0.0091403874858657,0.0036935055693356,0.0020736006672004,1.4425482091464266e-09,0.0578202995072717,0.0041045689424496,0.0012781140740703,0.0020787071298745,0.0131874788418446,gnomADe_FIN,0.0,0.0290632346920337,1.0,0.0018711896628848,0.0,0.0321819587245137,0.0,3.973555203918921e-06,1.0,0.0062979183718352,1.0,0.0018404907984006,0.0,0.0008352838971594,1.0,0.0,0.000844358768556,1.0,0.0,0.0040331975952404,1.0,0.0,1.5634351721656841e-18,1.0,1.0,0.0171777656134206,1.0,0.0,0.0045557305994234,1.0,1.0,0.015315025129763,1.0,1.0,0.0015206553343289,1.0,0.0,0.0018194072765664,1.0,0.0,0.0071128532691241,0.0,1.0,0.0061204886251707,1.0,1.0,0.0036480378793314,1.0,1.0,0.0470679619795272,1.0,1.0,0.0022864956476411,1.0,0.0,0.002654566781915,1.0,0.0,1.0544081532550411e-05,0.0,1.0,0.0035055020078829,1.0,1.0,0.0102742386663692,1.0,1.0,0.0035406165821917,1.0,AllofUs_EUR,1.0,0.0019161443009774,1.0,A/A,A/A,4.493065317604287,4.545955192310164,5.253374939990085,0.0,0.0013038869186827,1.0,1.0,0.0050821861746749,1.0,1.0,0.0026048166558721,1.0,0.0,0.0029407926451059,1.0,1.0,0.003723321990729,1.0,1.0,0.0073438174628651,1.0,0.0,0.0011299477328696,1.0,1.0,0.003839892206741,1.0,0.0,0.0013136600666715,1.0,0.0,0.0245351098476503,1.0,1.0,0.0056187007256015,1.0,1.0,0.0036576000011023,1.0,1.0,0.0006935046502054,1.0,0.0,0.0007836526192458,1.0,1.0,0.0061319369629946,1.0,1.0,0.0041503968246868,1.0,1.0,0.001591235616322,1.0,1.0,0.001729954857616,1.0,0.0,0.0005992164929766,1.0,0.0,0.0212092627597555,1.0,0.0,0.0023424101338799,1.0,0.0,0.0034434000000045,1.0,1.0,0.0103476352308453,1.0,1.0,0.0045668539055186,1.0,0.0,0.0037359413272468,1.0,0.0,0.000710330205078,1.0,0.0,0.001431,1.0,1.0,0.0041566701684879,1.0,0.0,0.0385699667295305,264690.0,A/A,0.0129420029770347,1.0,0.0141163916299906,0.0,0.0007936506000145,1.0,1.0,0.0,0.0013821529023018,1.0,0.0,1.0,0.0,0.0004891322846151,1.0,0.0,1.0,1.0835387647901682e-11,1.0,0.0,0.0,0.0737381652628858,1.0,1.0,0.0,0.003729285002323,1.0,1.0,1.0,0.0037293662184363,1.0,1.0,0.0,0.0066241083346507,1.0,0.0,1.0,,1.0,0.0032565667868609,0.0,0.0095921712958095,1.0,0.0,1.0,0.0019016249222928,1.0,1.0,1.0,0.0,0.0655730484547935,1.0,0.0,1.0,2.2693700091634745e-23,1.0,1.0,1.0,0.0118242900000002,1.0,1.0,1.0,0.0041118016268625,1.0,1.0,1.0,0.0051116930647782,1.0,1.0,1.0,0.0115169202690235,1.0,0.0,0.0,0.0,0.0029670031152452,1.0,0.000797192608496,1.0,0.0,1.0,0.0028503699307859,1.0,0.0,1.0,1.0,0.0007083040845853,1.0,1.0,1.0,0.0008405102430241,1.0,0.0,1.0,0.0138168102531976,1.0,1.0,1.0,0.003896523083115,1.0,1.0,0.0,0.0039008299940538,1.0,0.0,1.0,0.0170342501226837,1.0,1.0,0.0,0.0,0.0036453259617119,0.0,0.0275085185743805,1.0,1.0,1.0,1.9683333120480484e-05,1.0,0.0,1.0,0.0022934042138138,1.0,1.0,1.0,1.0,0.0013928141196288,1.0,1.0,1.0,2.3044268252345956e-05,1.0,1.0,1.0,0.0129432600000001,1.0,0.0,1.0,0.0041239025398943,1.0,0.0,1.0,0.014446457008686,1.0,0.0,1.0,0.0050825825283631,1.0,1.0,0.0,0.9675188497314924,0.6717014735299762,0.9786839777219828,5.001095975993929,0.6928371198481933,10.712544763375044,Y,N,1,1.0,0.0,-1.3,181.2,1.0,0.0,-3.5,132.1,2.2,49.099999999999994,0.0,0.0,20.42527360995193,23.603756743240954,4.347125387856963,3.0179985945012304,4.397291037197648,22.470250879748686,3.1129624339387623,48.13216333960384,23.881607085600024,4.398297338594835,3.0535248012759837,4.449053510156013,22.734758219311068,3.1496065023991138,48.69874848991984,5.082739279147455,3.5286996881967903,5.141393882734479,26.27263227277176,3.6397331629054057,56.27701420343647,0.649883837032671,0.9468951963762143,4.838654626090441,0.6703329732468041,10.364588987157745,0.6573834699560342,3.3592435363399566,0.46537971431829617,7.195632102814848,4.89449250275514,0.6780685883664719,10.484195920544686,3.4649449320920227,53.574464508769765,7.422048660101611,0,0.0,0.0,0,0.0,0,0.0
VAR_002042,0.0331213310913146,0.0664520362096813,0.007154580518986,0.0142774375544288,2.29100720312612e-06,0.0001065868240556,0.000599141811892,0.0001881900015098,0.0031556842310763,0.001365069078303,0.0155507172887375,1.6848016161151615e-05,0.0172518610226807,0.0331518854317418,0.0001166689022097,0.0034314717382751,0.0012585008359535,0.0093206614564745,0.0436844139660439,0.0449454314026913,0.0555136612385554,4.096306820569229e-09,0.0006122732097128,0.0174481612951565,0.0009433116318493,0.0026100193031446,AMR,1.0,0.0266068814825123,1.0,0.0029625093575264,1.0,0.0404798102997538,1.0,8.603840694082824e-05,0.0,9.084107369426172e-11,0.0,9.095328541800138e-06,0.0,0.0003838795734083,1.0,0.0,0.0001852396523123,1.0,0.0,0.0087775982838857,1.0,1.0,0.0035018452671359,1.0,0.0,0.0208908192555948,1.0,1.0,0.0004935119298407,1.0,0.0,0.0001210026927912,1.0,1.0,0.0002922078320598,1.0,1.0,0.0005538157022178,1.0,1.0,2.455387546215713e-05,1.0,1.0,4.336206555721088e-06,1.0,1.0,0.000438114699468,1.0,0.0,0.0448377524654977,1.0,0.0,0.0555977023302375,1.0,1.0,0.0127044986924698,1.0,0.0,3.8933280996187903e-16,0.0,1.0,0.0004895472393581,1.0,1.0,0.045644737199768,1.0,0.0,0.0012977926822025,1.0,AllofUs_AMR,1.0,0.0032451226957475,1.0,C/C,C/C,5.130217082933936,5.108930093394692,4.014672183962253,1.0,0.0036809138387253,1.0,1.0,0.0006103800316928,1.0,0.9714766899356162,0.0018570668202667,1.0,1.0,0.0001971450724173,1.0,0.0,0.000731514501717,1.0,0.0,0.0091007286161161,1.0,1.0,0.0002290661224395,1.0,0.0,0.0059996506363442,1.0,0.0,9.297004490328252e-05,1.0,1.0,0.0174738941885929,1.0,0.0,0.0004270850034883,1.0,0.0,0.0759465630048446,1.0,0.0,0.0071514567472232,1.0,1.0,0.0004994244430402,1.0,1.0,0.0167158002297544,1.0,1.0,0.0065409003148454,1.0,0.0,0.0005276700000519,1.0,1.0,0.0021298612091464,1.0,0.0,0.0005416008581513,1.0,0.0,0.0064048419004006,1.0,1.0,0.0005392942250466,1.0,1.0,0.0003400844113425,1.0,1.0,0.000344401781044,1.0,0.0,0.0002347441051365,1.0,1.0,0.0010323478345829,1.0,0.0,9.009000648907372e-05,1.0,1.0,0.0613185756303045,1.0,0.0,0.0006498287721551,1.0,0.0,0.0046924423226581,264690.0,C/C,0.0088416703024004,0.0,0.0027577953354291,1.0,0.0003769037579492,1.0,1.0,1.0,0.0016310087994786,1.0,1.0,1.0,0.0,0.004458283324134,1.0,1.0,0.0,0.0015071049871387,1.0,0.0,1.0,0.0005935909831969,1.0,0.0,0.0,0.0003682411223525,1.0,0.0,0.0,0.0025628237079299,1.0,0.0,0.0,0.0307257960894382,1.0,0.0,0.0,,0.0,0.0004755070620562,0.0,0.0004361759731133,1.0,1.0,1.0,0.0014024747953342,1.0,0.0,1.0,1.0,0.0361011661320122,1.0,1.0,1.0,0.0001017491522186,1.0,1.0,0.0,4.16628e-05,1.0,1.0,1.0,0.0014152126829353,1.0,0.0,1.0,0.0550735370386594,1.0,1.0,0.0,0.0107219708243912,1.0,0.0,1.0,0.0,0.0005006062567405,1.0,0.0002951554043957,1.0,1.0,1.0,0.00463306989514,1.0,1.0,1.0,1.0,1.856405925167888e-10,1.0,0.0,1.0,0.0001342080002759,1.0,0.0,0.0,0.0162797869650508,1.0,1.0,0.0,0.0010616597967113,1.0,0.0,1.0,0.0014453756935132,1.0,0.0,1.0,5.884693524149469e-05,1.0,0.0,0.0,0.0,0.0006478309902847,0.0,0.0001476574971714,1.0,1.0,0.0,0.0009868410000001,1.0,0.8412488098816466,0.0,0.0011845652085519,1.0,0.0,1.0,0.0,3.69217346253398e-05,1.0,0.0,1.0,6.016311000093832e-05,1.0,1.0,1.0,0.0333528478538141,1.0,1.0,0.0,0.0009879421837742,1.0,0.0,1.0,0.0011845666814761,1.0,1.0,0.0,0.0052917654594937,1.0,0.0,0.0,0.9298963078880472,0.4191468528012233,1.0,3.7914479609595175,0.6198902663640404,6.060713077752548,G,S,1,0.0,0.0,-0.4,75.1,1.0,0.0,-0.8,105.1,0.4,30.0,0.0,1.0,26.20992044064872,20.59613982054284,4.770569924084455,2.150314344498832,5.130217082933936,19.450951098369558,3.1801716340452684,31.092773766247237,20.510679535759344,4.750775231105861,2.141391969827845,5.108930093394692,19.37024258528602,3.1669760364296975,30.963759430360756,3.7332288412473416,1.682737210936392,4.014672183962253,15.221420665804576,2.4886562094806646,24.331776208229407,0.3897631108827524,0.9298963078880472,3.52565346044592,0.5764336699876593,5.6358347141708975,0.4191468528012233,1.5891734803957973,0.2598250542285996,2.5403288122711967,3.7914479609595175,0.6198902663640404,6.060713077752548,2.3502816864245935,22.97887824060558,3.75697704412405,0,0.0,0.0,0,0.0,0,0.0
VAR_003058,,,,,,,0.0006488988415635,5.830005087374334e-10,0.0002119414851142,0.0651373929928697,0.0001139472363831,3.0254001373829143e-05,0.0001641983654462,3.209866531822768e-08,4.085979801322922e-06,0.0140321175234725,0.0129925743661136,0.0002333293863388,0.0291739505981255,4.773087306459513e-05,0.0012768147143535,1.7405120067940019e-09,0.0396269258330276,0.0009439901455856,1.0935757061449049e-08,0.0055170319262273,gnomADg_NFE,,,,,,,,,,,,,0.0,0.0022873679420979,1.0,1.0,0.0853374386114165,1.0,1.0,0.0059959166667014,1.0,1.0,7.029131999319025e-09,1.0,0.0,3.2137350404642965e-05,0.0,0.0,0.0023200356084504,0.0,0.0,4.060963056339341e-09,1.0,0.0,3.138394250165837e-07,1.0,0.0,5.969405502210771e-09,1.0,1.0,1.9115186375115948e-08,0.0,1.0,0.020526844472845,1.0,0.0,0.0078570059861869,0.0,0.0,0.0046635982284165,1.0,1.0,6.849279950735256e-05,1.0,1.0,1.0898485320434389e-12,0.0,1.0,0.0928678061433084,1.0,0.0,1.4552728299251604e-05,1.0,1.0,4.943472226231425e-05,0.0,0.0,1.6504097667559705e-05,1.0,AllofUs_EUR,1.0,2.7956069661738733e-19,1.0,G/G,G/G,5.925144469536089,2.542157319961625,2.381231742600819,1.0,0.0025351377717801,1.0,0.0,1.9731469873336008e-05,1.0,0.0,0.0075848657159294,1.0,0.0,0.0913467682457172,1.0,1.0,0.0165876972618898,1.0,1.0,1.814400000444236e-05,1.0,1.0,0.0163560818265116,1.0,1.0,0.002283824475651,1.0,0.0,0.0014890272724023,1.0,1.0,3.75298668831228e-10,1.0,0.8147341050032376,1.1939454020699762e-06,1.0,0.0,7.291251138492488e-06,1.0,0.0,0.010183534592565,1.0,1.0,0.0202240110146911,1.0,0.0,2.1463786863353855e-13,1.0,1.0,8.247368384247651e-05,1.0,1.0,0.0003240073642658,1.0,0.0,2.944815290881288e-05,1.0,0.0,9.116147761467542e-07,1.0,1.0,7.417590424786288e-08,1.0,0.0,7.366586719123701e-05,1.0,1.0,1.5700889762230735e-08,1.0,1.0,1.5788751584531196e-06,1.0,0.0,0.0005860535468379,1.0,0.0,5.10572217080246e-08,1.0,1.0,1.264875062874495e-07,1.0,0.0,0.0026615609481207,1.0,0.0,0.0048114038582071,1.0,1.0,0.0035767984385857,264690.0,G/G,0.0026240269495286,1.0,4.625106655165145e-07,0.0,0.003875942887795,1.0,1.0,1.0,8.52774695958048e-10,1.0,0.0,1.0,1.0,0.0621468870039612,1.0,1.0,1.0,0.0041706862989997,1.0,0.8650910996918519,1.0,5.251203160786472e-05,1.0,0.0,1.0,4.397610398060319e-07,1.0,0.0,,,,,0.0,0.0023502918833496,1.0,1.0,0.0,,0.0,0.0506606955144998,1.0,0.0037231119690629,1.0,0.0,0.0,4.219010886303825e-10,1.0,1.0,1.0,0.0,2.9057237763714832e-24,1.0,1.0,1.0,2.21497092076462e-06,1.0,0.0,0.0,0.0548615194439889,1.0,0.0,0.0,2.3610318454226117e-21,1.0,1.0,,,,,1.0,0.0016755004686488,1.0,1.0,1.0,0.0,6.750854936095705e-06,0.0,0.0013975142755788,1.0,1.0,0.0,1.5948389090370594e-13,1.0,1.0,1.0,1.0,2.490197182841143e-05,1.0,0.0,1.0,0.0076149546302515,1.0,0.0,1.0,0.0028500706535575,1.0,0.0,1.0,1.0049310001839426e-05,1.0,1.0,0.0,1.0071613780674134e-05,1.0,0.0,0.0,4.506009193679306e-06,1.0,0.0,0.0,1.0,2.2598303846444915e-05,1.0,3.0623896054299408e-21,1.0,1.0,1.0,1.258513848632632e-05,1.0,0.4040732070472898,0.0,3.596155816929756e-09,1.0,0.0,1.0,0.0,3.683530796908453e-08,1.0,1.0,0.0,4.981692068695593e-07,1.0,1.0,1.0,5.866731663746995e-07,1.0,0.0,0.0,7.739503627694004e-06,1.0,0.0,0.0,0.0008516272108318,1.0,0.0,0.0,0.000831815651336,1.0,1.0,0.0,0.9496612829952784,0.4229039522392449,0.9763078830710916,1.6321440888345005,-0.1539959643649576,0.5356564163801527,D,E,1,1.0,-1.0,-3.5,133.1,1.0,-1.0,-3.5,147.1,0.0,14.0,0.0,0.0,15.062649385061308,14.109142090355027,5.62688029887202,2.505767013755316,5.784765253943164,9.670689521443759,-0.9124483365879051,3.173841653086382,6.053465704977649,2.4141883820505954,1.0750883778256979,2.481928231485414,4.1491670426627225,-0.3914819680549266,1.3617228798852175,2.2613635917873767,1.0070323151434306,2.3248153217202923,3.8865133128310037,-0.36670007857826165,1.275522061812221,0.4016155098672952,0.9271617968356971,1.5499840494357313,-0.1462440050949208,0.5086921596242289,0.41288446235309517,0.6902401857920314,-0.06512550195883449,0.22653121552947716,1.5934751402370069,-0.15034747397064302,0.5229655819295541,-0.2513436029426339,0.8742684536411381,-0.0824889264087389,26,0.07784431137724551,0.07496303847345527,0,0.0,26,0.041697804867916084
VAR_001287,,,,,,,2.0952000076890638e-05,2.6919003417210224e-05,2.319653465073965e-05,4.189652290854885e-09,5.495953469762404e-17,0.0006428517428199,0.0047582719001807,0.0958359677384455,2.0880000000000024e-05,0.0269657668371469,2.174173820163144e-05,7.401841319673245e-10,6.412658401891204e-05,0.0082845047078565,0.0200042218435557,7.05376374023939e-06,0.0106125195090637,0.0022363479957407,0.0010661671811154,0.0002549068740371,gnomADg_NFE,,,,,,,,,,,,,,,,,,,,,,,,,,,,,,,,,,,,,,,,,,,,,,,,,,,,,,,,,,,,,,,,,,,,,,,,,,,,,,,,,,,,,,,,,,,,,,,,,,,,,,,,,,,,,,,,,,,,,,,,,,,,,,,,,,,,,,,,,,,,,,,,,,,,,,,,,,,,,,,,,,,,,,,,,,,,,,,,,,,,,,,,,,,,,,,,,,,,,,,,,,,,,,,,,,,,,,,,,,,,,,,,,,,,,,,,,,,,,,,,,,,,,,,,,,,,,,,,,,,,,,,,,,,,,,,,,,,,,,,,,,,,,,,,,,,,,,,,,,,,,,,,,,,,,,,,,,,,,,,,,,,,,1,,,,,,,,,,,,,,,,,,,,,,,,,,,,,,,,,,,,,,,,,,,,,,,,,314,0.9401197604790419,0.6627497033755743,9,1.0,323,
VAR_005770,,,,,,,4.679100000160043e-05,8.381432620104573e-05,5.820247481044509e-05,2.2572738669559427e-12,4.534200002144021e-05,0.0782659800085033,0.0012447931890171,0.0052074317670795,3.149454537096973e-05,0.0214329897799621,3.344391218858677e-05,3.715630500981806e-12,3.0692904112553324e-10,0.0160410407462459,0.0001774051719768,2.8062953661632268e-11,0.0001675713216382,0.0003494710775362,0.0010215865303685,0.0002780676916381,gnomADg_EAS,,,,,,,,,,,,,0.8947611833750828,5.995462122356504e-07,1.0,0.0,2.224597186372663e-05,1.0,0.0,5.681952786307645e-09,1.0,1.0,0.0012649823744407,1.0,0.0,6.826956653008606e-10,1.0,0.0,5.9150741804817565e-05,1.0,1.0,0.0005073464221522,1.0,0.0,0.0007929515652259,1.0,0.0,4.601526736543056e-05,1.0,0.0,0.0019296621903035,1.0,1.0,0.0001975894628308,1.0,0.0,0.000260468461852,1.0,0.0,4.170600059416363e-05,1.0,1.0,3.851678927841707e-05,1.0,1.0,4.38536155980099e-05,1.0,0.0,2.3216932867738223e-05,0.0,0.0,0.0099354113634642,1.0,1.0,3.0078000072906507e-05,1.0,0.0,0.0001935995486424,1.0,AllofUs_SAS,0.0,0.0029445915669636,1.0,C/C,C/C,4.530777336913881,4.32131107631744,2.671584620377665,1.0,8.500279891805241e-05,1.0,1.0,0.0015008600527111,1.0,1.0,8.850756976569593e-09,1.0,0.0,2.8196160094856933e-05,1.0,1.0,4.873503794591577e-05,1.0,0.0,3.595735729559762e-05,1.0,1.0,3.774336640973388e-05,1.0,1.0,4.707129184401976e-05,1.0,1.0,0.0146053257937184,1.0,0.0,0.0079631138211048,1.0,1.0,0.0001091724098666,1.0,0.0,0.0028322829449852,1.0,1.0,0.0011847110136616,1.0,1.0,1.2692862654747957e-05,1.0,1.0,0.0177799295012287,1.0,1.0,0.0418681770490685,1.0,1.0,7.68061225247755e-06,1.0,1.0,1.7620568024301265e-05,1.0,1.0,1.2755750971540308e-05,1.0,0.0,0.0002338387716906,1.0,1.0,2.4523836483277483e-05,1.0,0.0,5.592674154212289e-05,1.0,0.0,7.33472510478128e-05,1.0,1.0,0.0001355400000994,1.0,1.0,0.000242087975608,1.0,0.0,6.063300011089737e-05,1.0,1.0,2.5074000112949307e-05,1.0,0.0,4.2129000047937466e-05,1.0,0.0,4.420265040003608e-05,264690.0,C/C,0.0120039174707292,1.0,0.0012122891573896,0.0,1.2078620237122974e-07,1.0,1.0,0.0,0.0051546357862455,1.0,1.0,1.0,1.0,1.0604123255313681e-08,1.0,1.0,0.0,0.0502767267942956,1.0,1.0,0.0,5.301427233062027e-07,1.0,0.0,0.0,6.313132365056864e-05,1.0,1.0,1.0,9.950800349608424e-05,1.0,0.0,0.0,0.0008577292618618,1.0,0.0,1.0,,1.0,0.0122788547905785,0.0,3.654771403648699e-06,1.0,0.0,0.0,0.0138606878073976,1.0,0.0,1.0,0.0,2.384098051512217e-05,1.0,0.0,1.0,0.00116432861773,1.0,0.0,1.0,5.345764742699624e-10,1.0,0.0,1.0,4.3794810222444056e-05,1.0,0.0,0.0,0.0299853135561435,1.0,1.0,1.0,0.0027000544672558,1.0,0.0,0.0,0.0,8.845228296816728e-05,0.9176894718055104,3.040699602306388e-08,1.0,1.0,0.0,0.0001067651012629,1.0,1.0,1.0,0.0,2.669779431203338e-09,1.0,1.0,0.0,0.0101757678932759,1.0,0.0,0.0,0.0031829519254824,1.0,1.0,0.0,4.034162037593481e-05,1.0,1.0,0.0,0.0001342080000016,1.0,1.0,1.0,6.287138711128074e-05,1.0,1.0,1.0,1.0,0.0070152074681354,0.0,0.0002766115551542,1.0,1.0,1.0,1.7670135361445416e-07,1.0,0.0,1.0,0.0089470269144507,1.0,1.0,1.0,1.0,9.802609582247124e-13,1.0,0.0,1.0,6.495391700891058e-05,1.0,1.0,0.0,4.035515752870157e-06,1.0,1.0,1.0,4.831287447954506e-05,1.0,1.0,1.0,0.0001166948197064,1.0,0.0,0.0,8.96829418472267e-05,1.0,1.0,0.0,1.0,0.8059641902350547,1.0,3.608652879111861,0.6172368189528958,4.300651110189624,A,V,1,0.0,0.0,1.8,89.1,0.0,0.0,4.2,117.1,2.4000000000000004,28.0,0.0,0.0,19.57889829033399,12.1043550516548,4.530777336913881,3.651644287481134,4.530777336913881,16.350002681469046,2.796562590820597,19.48529258402067,11.544748211357327,4.32131107631744,3.4828219823779585,4.32131107631744,15.594111657090904,2.667272302452091,18.584451277839317,2.671584620377665,2.1532015352071108,2.671584620377665,9.640821532116828,1.6490003926453898,11.48955336359273,0.8059641902350547,1.0,3.608652879111861,0.6172368189528958,4.300651110189624,0.8059641902350547,2.90844499555279,0.49747077297063175,3.466170789507469,3.608652879111861,0.6172368189528958,4.300651110189624,2.227393423808214,15.519557010841407,2.6545202106796832,18,0.05389221556886228,0.05249018262139668,0,0.0,18,0.23177161671680607
VAR_004264,0.0423665185735698,0.1718027197515408,0.0138137399783268,0.0187413482459033,0.0009000000000009,1.7822362669815669e-06,0.002905518472317,0.1133259182846245,0.0097700426802219,3.443423418499839e-05,0.0216913585368887,0.0042597865512445,0.0001384200001353,0.0091946871974782,0.0009301310069852,0.040423852547112,0.099737696411382,8.379752580767342e-07,0.0164563212749089,0.00015478252935,0.0076030589240268,4.725990647563594e-06,0.0140479250640253,0.0188260479266519,0.0009315016823161,0.1295416289365056,AFR,,,,,,,,,,,,,,,,,,,,,,,,,,,,,,,,,,,,,,,,,,,,,,,,,,,,,,,,,,,,,,,,,,,,,,,,,,,,,,,,,,,,,,,,,,,,,,,,,,,,,,,,,,,,,,,,,,,,,,,,,,,,,,,,,,,,,,,,,,,,,,,,,,,,,,,,,,,,,,,,,,,,,,,,,,,,,,,,,,,,,,,,,,,,,,,,,,,,,,,,,,,,,,,,,,,,,,,,,,,,,,,,,,,,,,,,,,,,,,,,,,,,,,,,,,,,,,,,,,,,,,,,,,,,,,,,,,,,,,,,,,,,,,,,,,,,,,,,,,,,,,,,,,,,,,,,,,,,,,,,,,,,,1,,,,,,,,,,,,,,,,,,,,,,,,,,,,,,,,,,,,,,,,,,,,,,,,,308,0.9221556886227545,0.6534473107132608,9,1.0,317,
VAR_002607,,,,,,,0.0019156539272507,0.0001563131357867,4.437548612021708e-06,1.3106561549325972e-09,1.0641301765551026e-05,0.004514149327121,6.529282901553165e-06,1.5227976637255702e-05,1.0458639854977867e-05,1.9856647378743404e-05,2.4604209972406033e-08,4.275274986914466e-15,1.3741436042615083e-05,0.0011872243745774,0.0017206440551067,0.0002290157497798,3.96990872653069e-05,4.717619959928144e-10,1.89275608865766e-08,3.969900000599543e-05,gnomADg_NFE,,,,,,,,,,,,,1.0,2.2215063007067795e-19,1.0,0.0,3.420658579298105e-06,1.0,1.0,3.807609567806951e-06,1.0,0.0,1.1097978235584742e-06,1.0,0.0,1.00205170107591e-05,0.0,0.0,0.0095613980875336,1.0,1.0,0.0034768438057235,1.0,1.0,1.9002145989287315e-05,1.0,1.0,0.0010403868920401,1.0,1.0,0.0023607533362356,0.0,1.0,2.633046018012388e-06,1.0,1.0,0.0045211814878718,1.0,0.0,0.0382818431590149,1.0,0.0,0.0008807731992546,1.0,0.0,1.1732829605217158e-05,1.0,1.0,0.0127504254996535,0.0,0.0,2.103300000008627e-05,1.0,1.0,0.0005500915640431,1.0,1.0,0.0008688981685808,1.0,AllofUs_OTH,1.0,0.0002062063953847,1.0,T/T,T/T,5.620181719994426,-1.6126530460519533,,1.0,2.7805041579203933e-07,1.0,1.0,4.959923834277447e-06,1.0,0.0,0.0392145396275565,1.0,1.0,4.909504439338013e-07,1.0,1.0,1.5157884285651934e-06,1.0,0.0,9.563395502499713e-06,1.0,0.0,1.2411751372078256e-05,1.0,0.0,0.0469778004086735,1.0,0.0,7.916707025517998e-10,1.0,0.0,8.531818945846183e-05,1.0,0.0,5.319048310997973e-06,1.0,0.0,0.0024442966718147,1.0,1.0,1.804309083880273e-05,1.0,1.0,1.4050093674718149e-05,1.0,0.0,1.885783867624731e-05,1.0,0.0,0.0047132061200029,1.0,1.0,0.020481900628446,1.0,0.0,8.389803755979878e-05,1.0,1.0,0.0010307403482858,1.0,0.0,0.000740989922972,1.0,1.0,0.0780942272339481,1.0,1.0,1.2402000011962735e-05,1.0,0.0,8.831436253370389e-06,1.0,0.0,0.0002205540772033,1.0,0.0,0.0007145964010444,1.0,0.0,7.507429939692838e-13,1.0,1.0,0.0001614320206778,1.0,1.0,0.0002372512954318,1.0,1.0,0.0029972724265071,264690.0,T/T,8.389830425692395e-05,0.0,4.0179200440754864e-05,1.0,0.0006844246636551,1.0,1.0,0.0,0.0190905389870406,1.0,0.0,1.0,0.0,6.524528966654574e-08,1.0,0.0,0.0,1.2424460224128137e-05,1.0,0.0,1.0,6.423981955238616e-06,1.0,0.0,1.0,0.0596839208771109,1.0,1.0,,,,,0.0,0.0018381028370538,1.0,1.0,1.0,,0.0,0.0011224518359471,0.0,1.503776456728171e-07,1.0,0.0,0.0,1.8996261616003465e-07,1.0,0.0,1.0,1.0,0.0252277781604752,1.0,0.0,0.0,0.0265400920052504,1.0,0.0,1.0,8.464409335553834e-32,1.0,0.0,1.0,1.7522370001274213e-05,1.0,1.0,0.0,1.7522386868897644e-05,1.0,0.0,1.0,1.031602645080702e-09,1.0,0.0,1.0,0.0,1.2974991273351624e-05,0.0,1.3083063968647482e-05,1.0,0.0,1.0,1.4234846736315772e-06,1.0,0.0,1.0,1.0,0.005129634997977,1.0,0.0,1.0,0.0244723034730684,1.0,1.0,0.0,0.000807283866637,1.0,0.0,1.0,0.0158164556491472,1.0,1.0,0.0,3.01507805477984e-05,1.0,0.0,0.0,7.715221025812166e-05,1.0,0.0,1.0,0.0,0.011071883204524,1.0,0.0350335109502555,1.0,0.0,1.0,0.0004263227015728,1.0,1.0,1.0,0.0118950777761703,1.0,1.0,1.0,0.0,0.0020791686336571,1.0,0.0,1.0,9.347465007924388e-15,1.0,1.0,1.0,0.0401927883923343,1.0,0.0,1.0,0.0293154996616822,1.0,0.0,0.0,0.0003794284283857,1.0,0.0,1.0,0.0004292907400639,1.0,0.0,1.0,0.8170702871141716,1.0,0.5689879363342774,0.1314214407674982,-0.1540395287653945,0.4482347855774014,I,M,1,0.0,0.0,4.5,131.2,0.0,0.0,1.9,149.2,2.6,18.0,0.0,0.0,-9.063403170114517,,4.592083491589665,5.620181719994426,3.197815598683258,0.7386123790168236,-0.8657301437238258,2.5191609481677326,,-1.317650887353213,-1.6126530460519533,-0.9175801286962872,-0.21193718677024234,0.24841231527592092,-0.7228471923078404,,,,,,,0.8170702871141716,0.46490313650514803,0.10738055434085786,-0.12586112199527258,0.36623932494628647,0.5689879363342774,0.1314214407674982,-0.1540395287653945,0.4482347855774014,0.07477721437237628,-0.08764663358612637,0.2550401856389229,-0.02024409680549463,0.05890766132269271,-0.06904587514660056,22,0.0658682634730539,0.06378973787533004,1,0.1111111111111111,23,0.029524446954200093
VAR_002376,0.012780000730781,0.047700000542925,0.001337368358776,1.5504666721384848e-06,0.01795059165912,3.7412642080377024e-18,0.0010132932662057,0.0357120000000003,0.001833241025544,2.724846098640944e-07,1.1565445194575224e-05,0.0001762017923462,1.862100021612771e-05,0.0026388,0.0001356301721352,0.0104041312227789,0.0380127568997014,0.0048843104571091,0.0041763666336935,0.0173628717385868,4.725936591767696e-06,1.947542094632167e-13,0.0083568471136549,0.0060751532838744,0.0003748553919237,0.047700004552132,AFR,1.0,0.0127595859106067,1.0,0.0476642475939494,1.0,0.0012968299711823,0.0,3.4434600942879243e-06,0.0,0.0402504275454471,1.0,0.0003087375596404,1.0,0.0355490196078431,1.0,1.0,0.0593081647927871,1.0,1.0,0.0406109483422595,1.0,1.0,0.0113377728229099,1.0,0.9446353496302194,6.071149907221302e-11,1.0,0.0,0.0172893458136743,1.0,1.0,0.0129053093914204,1.0,1.0,0.0023541694106389,1.0,0.0,0.0126291299903891,1.0,1.0,0.0306050468507525,1.0,0.0,0.0238343175493053,1.0,1.0,0.0038964125324071,1.0,1.0,0.0365580423330489,1.0,1.0,0.011342969627222,1.0,1.0,0.0043650030306841,1.0,0.0,0.0003632676055205,1.0,0.0,0.0029806632770408,1.0,1.0,0.0081549000000021,1.0,1.0,0.0393508316882543,1.0,AllofUs_AFR,1.0,0.0028384299181151,1.0,A/A,A/A,5.487900584534805,-0.918378817051257,0.3974091427469067,1.0,0.0337217250616368,1.0,1.0,0.0026307823399029,1.0,0.0,0.0007952168189579,1.0,1.0,0.0001197574933553,1.0,1.0,0.0002178900002028,1.0,1.0,0.0010266485417291,1.0,0.0,0.000888259650697,1.0,0.0,0.0058493076319409,1.0,1.0,0.0290437171270124,1.0,0.0,0.00095670270227,1.0,0.0,0.0852155431860926,1.0,1.0,0.0003008077337955,1.0,1.0,0.0359018439518439,1.0,1.0,0.0017600627411694,1.0,0.0,0.0012284008239145,1.0,0.0,0.0047264031975466,1.0,1.0,0.0005395463469832,1.0,0.0,0.0038021414186291,1.0,0.0,0.0014346000000002,1.0,1.0,0.0330960881966742,1.0,0.0,0.0002343313193175,1.0,0.0,0.0002955860509759,1.0,1.0,0.0530179034708701,1.0,1.0,0.0005854438547803,1.0,1.0,0.0029475063537774,1.0,1.0,0.0498014902869009,1.0,1.0,0.0742382215727182,1.0,1.0,0.0335453591156217,1.0,1.0,0.0428366345030738,264690.0,A/A,0.047687275925337,0.0,0.0031358819919141,1.0,0.0399609270132143,1.0,1.0,1.0,0.0015503689140081,1.0,0.0,1.0,1.0,0.0002504604784372,1.0,1.0,1.0,4.853254035782631e-07,1.0,0.0,0.0,6.227740786940236e-10,1.0,1.0,1.0,0.011451078416157,1.0,1.0,1.0,0.0399609000000049,1.0,0.0,1.0,0.0003136027892976,1.0,0.0,1.0,,1.0,0.0027291156541319,1.0,0.0387545400388836,1.0,1.0,0.0,0.001603107,1.0,0.0,1.0,1.0,1.991940590555925e-09,1.0,1.0,0.0,3.119668580851828e-13,1.0,1.0,1.0,0.000912378429984,1.0,1.0,0.0,0.0290646131593859,1.0,0.0,1.0,0.0555436778575771,1.0,1.0,1.0,0.0054357504732329,1.0,1.0,0.0,0.0,0.0056522269358323,1.0,0.0999248301139089,1.0,1.0,1.0,0.003216214266413,1.0,1.0,1.0,0.0,2.373007897720477e-05,1.0,0.0,1.0,1.6358382167606777e-18,1.0,0.0,0.0,0.0458815599129169,1.0,1.0,0.0,4.044064682846357e-05,1.0,1.0,1.0,0.0476726840248362,1.0,1.0,0.0,8.826741239105369e-05,1.0,1.0,1.0,1.0,0.0019425493560016,1.0,0.0357365706410945,1.0,1.0,1.0,1.2662686678595989e-12,1.0,0.0,1.0,0.007389604230381,1.0,1.0,1.0,1.0,0.0002160141500036,1.0,0.0,0.0,5.254032525231831e-10,1.0,0.0,1.0,2.458255495986505e-06,1.0,0.0,0.0,2.238710706404113e-05,1.0,1.0,1.0,0.0357365700516253,1.0,1.0,0.0,0.0001492487125141,1.0,0.0,0.0,0.9816721858490496,0.9194888526784084,0.3149529576616003,0.8689996249919187,0.7456538987357877,0.3285825433524473,M,V,1,0.0,0.0,1.9,149.2,0.0,0.0,4.2,117.1,2.3000000000000003,32.099999999999994,0.0,0.0,-5.039971646919977,2.180941866780225,5.387319362542559,5.046063412087075,1.728430520452062,4.768983549953678,4.092074466732786,1.8032283317318285,-0.3649721384012583,-0.9015469407721719,-0.8444390848146143,-0.28924612468405514,-0.7980708476180642,-0.6847927454506305,-0.30176324746771394,0.3901255018367529,0.36541327670826307,0.1251651849098994,0.34534839601542183,0.29632967668247817,0.13058170687529438,0.9026366318726479,0.30918055838728636,0.8530727613678213,0.7319876926588266,0.32256034356463703,0.28959573368793623,0.7990354681617865,0.6856204478437515,0.30212798579729516,0.2736940020980263,0.23484590079873974,0.10348804386482428,0.6479729583751617,0.2855381069521676,0.2450088545072733,0,0.0,0.0,0,0.0,0,0.0
VAR_003005,,,,,,,0.0004862949315051,2.93440602637515e-08,1.4182206158640348e-06,0.0492759888360485,0.0001814400040288,4.699418902821273e-05,3.843792940527064e-06,3.0498666529178758e-06,1.4834446024036569e-15,0.0012237592265172,1.0700143778351247e-10,6.359736652147846e-05,3.718612337230529e-05,0.0043238150838405,0.0002454809205733,1.4450877589672312e-07,4.8234322930921195e-08,0.0190548109133779,0.0072384897596176,0.0011056215343361,gnomADe_EAS,,,,,,,,,,,,,0.0,0.0033795624194544,1.0,1.0,0.0028905727050252,1.0,0.0,0.0078541815000408,1.0,0.0,3.097194833713658e-05,1.0,0.0,0.0821264461149927,1.0,0.0,0.0226331556323682,0.0,1.0,1.2485325144809187e-09,1.0,1.0,2.6352930880626252e-05,1.0,1.0,0.0140391737408391,1.0,1.0,6.180787075430178e-06,0.0,0.0,1.4937683410990957e-06,1.0,1.0,0.0289275723858557,1.0,,,,,,,,,,,,,,,,,,,,,,,,,,A/A,A/A,5.720986337085667,4.564234745225733,0.5704495684521127,0.0,0.0110942015841968,1.0,0.0,6.558717634892722e-05,1.0,0.0,0.0185461671074343,1.0,0.0,0.0024396984972188,1.0,1.0,0.0276241474665288,1.0,1.0,3.5101872691145494e-14,1.0,1.0,7.952858178759378e-05,1.0,0.0,8.342100197091748e-07,1.0,1.0,0.0107264647060215,1.0,1.0,7.257187637066928e-05,1.0,0.0,5.410764682057739e-08,1.0,0.0,1.793800260947512e-06,1.0,1.0,7.089232374006395e-06,1.0,0.0,7.183949050938077e-06,1.0,0.0,0.0026642984885649,1.0,0.0,5.525228608021865e-05,1.0,0.0,0.0406333836449608,1.0,1.0,1.0718483565611666e-08,1.0,0.0,3.46604350905802e-06,1.0,0.0,0.0001278675316344,1.0,0.0,1.2426918379186231e-08,1.0,1.0,1.933746897823811e-06,1.0,0.0,0.0034473635885305,1.0,1.0,0.0073806163209961,1.0,1.0,8.753753171931861e-12,1.0,1.0,0.0245721998540555,1.0,0.0,0.0096338169103009,1.0,1.0,0.0033815297446776,1.0,0.0,0.0280296758211014,264690.0,A/A,0.0001837670022787,0.0,2.654978689322826e-18,1.0,5.535239442119154e-05,1.0,0.0,1.0,0.0008860607227121,1.0,0.0,1.0,0.0,6.069976719280568e-19,1.0,1.0,0.0,0.0002315111419864,1.0,1.0,1.0,1.084852335169672e-06,1.0,1.0,1.0,2.3337355849882577e-07,1.0,0.0,,,,,0.0,0.0522156872370318,1.0,0.0,1.0,,1.0,7.242730095023112e-05,0.0,0.0021007640611275,1.0,1.0,1.0,0.0033857729653085,1.0,1.0,1.0,1.0,4.002792583616468e-09,1.0,0.0,1.0,5.0985720000612666e-05,1.0,0.0,0.0,0.0072848212866971,1.0,0.0,0.0,0.0198043201542137,1.0,1.0,0.0,0.0003431169381364,1.0,1.0,1.0,6.834683943166192e-05,1.0,0.0,1.0,1.0,0.0001220111128083,0.0,6.139381110603828e-11,1.0,0.0,1.0,0.0070448002768012,1.0,1.0,1.0,1.0,0.0173358031436588,1.0,1.0,1.0,2.750810545037045e-05,1.0,0.0,1.0,1.3446489384881566e-08,1.0,0.0,0.0,0.000196127500499,1.0,1.0,,,,,0.0,0.000836658482827,1.0,1.0,0.0,0.0,5.576526e-06,0.0,0.0044728859647339,1.0,0.0,1.0,6.902039752815782e-07,1.0,0.0,1.0,0.0089730517770008,1.0,1.0,1.0,1.0,0.0027247440090308,1.0,1.0,1.0,0.0593842242132473,1.0,0.0,0.0,0.0201100331595714,1.0,0.0,1.0,0.0210261659059687,1.0,1.0,1.0,0.0001812700323951,1.0,1.0,1.0,0.0002878233354617,1.0,0.0,0.0,1.0,0.899962764503006,0.0,0.3258407651107811,-0.0380543317905565,0.1759065281420945,H,Q,1,1.0,1.0,-3.2,155.2,1.0,0.0,-3.5,146.2,0.2999999999999998,9.0,1.0,0.0,26.111924616688096,3.2635341871109516,5.720986337085667,5.148674679607543,0.0,1.8641305652643185,-0.21770831224069848,1.0063588441050981,2.603665740728158,4.564234745225733,4.107641319154024,0.0,1.4872137415295636,-0.17368890336480614,0.8028786876581759,0.5704495684521127,0.5133833706337101,0.0,0.1858757238415513,-0.02170807714765647,0.10034580306656724,0.899962764503006,0.0,0.3258407651107811,-0.0380543317905565,0.1759065281420945,0.0,0.2932445557568732,-0.03424748163954386,0.1583093253608852,0.0,-0.0,0.0,-0.012399652586414449,0.05731751771780122,-0.006694005386044128,50,0.1497005988023952,0.13950155961102642,0,0.0,50,0.02633331259612193
VAR_002317,,,,,,,0.0128966956342387,0.0005376600300079,0.0001214302304148,0.0108077040350676,0.0008349474893671,0.000643280332268,5.2596064234750015e-05,1.4904000179840934e-05,2.237332569429523e-05,2.154615537564969e-05,4.354454205229895e-05,0.0025525973979516,5.891400052241607e-05,0.0035846792728605,0.0411244710589847,0.0197128756711185,1.3256457145406338e-05,0.0003175365984762,1.8359504412927404e-17,0.0167804657692015,gnomADg_AMR,,,,,,,,,,,,,0.0,2.1571842613166127e-11,1.0,0.0,9.691822959769949e-08,1.0,0.0,0.0051645917367185,1.0,1.0,0.0220586818742415,0.0,0.0,1.0952461539178955e-16,0.0,0.0,3.379647014645138e-05,1.0,0.0,0.0003857333242419,1.0,0.0,3.5136228556116125e-07,1.0,0.0,8.432059984830169e-05,1.0,1.0,6.204906460708575e-08,0.0,0.0,0.0681799235983642,1.0,1.0,0.0163891249180388,1.0,0.0,0.0052160065475068,1.0,0.0,0.0027511352211464,1.0,0.0,0.0095072425103606,1.0,1.0,9.09533154934732e-09,1.0,0.0,0.0008982178843633,1.0,1.0,3.0913370195538165e-05,1.0,1.0,3.0159493484562784e-05,1.0,AllofUs_OTH,0.0,0.015772562363394,1.0,C/C,C/C,5.699933586491439,5.5965870642925,4.53229856853786,0.0,0.0006277994390471,1.0,1.0,1.532747592136602e-05,1.0,0.0,2.57460662488756e-13,1.0,0.0,0.013415353071299,1.0,1.0,2.054180577771797e-05,1.0,0.0,1.359904800840388e-05,1.0,1.0,0.0069069065390591,1.0,0.0,0.000265030512201,1.0,1.0,3.3386918459696927e-10,1.0,0.0,4.665603986456309e-06,1.0,1.0,0.0600391053597915,1.0,0.0,1.835890364652753e-05,1.0,0.0,4.935426746972324e-05,1.0,1.0,7.79955681056622e-06,1.0,1.0,4.418215948832063e-05,1.0,0.0,0.0001480232402391,1.0,1.0,1.802700000734361e-05,1.0,0.0,0.0001971478156692,1.0,1.0,0.0003927464751633,1.0,0.0,1.3080331110667711e-05,1.0,1.0,0.0496632453896272,1.0,1.0,0.0024054874232351,1.0,1.0,2.778300000000053e-05,1.0,0.0,3.4890800015020524e-34,1.0,0.0,1.1556000000000064e-05,1.0,0.0,0.0022337294202104,1.0,1.0,0.0940390842735885,1.0,0.0,0.0358736243989625,1.0,0.0,0.0210597615470454,264690.0,C/C,5.167700987451532e-05,1.0,0.0314616672661298,1.0,3.534102481376923e-09,1.0,1.0,1.0,7.046012014741675e-07,1.0,1.0,1.0,1.0,0.0081331560538259,1.0,1.0,0.0,0.0636291198952008,1.0,0.0,1.0,8.222532314620736e-07,1.0,0.0,1.0,0.0001204352981409,1.0,1.0,,,,,1.0,5.518885898335244e-09,1.0,1.0,1.0,,0.0,0.0015659815653473,0.0,0.0005394153059518,1.0,0.0,1.0,0.0792455729325837,1.0,0.0,1.0,1.0,3.3514083856660627e-06,1.0,1.0,0.0,0.0006250202162441,1.0,0.0,1.0,0.0397363711042168,1.0,0.0,0.0,0.0017169201309756,1.0,1.0,0.0,3.849857459981575e-05,1.0,1.0,1.0,2.9720222972665464e-05,1.0,1.0,0.0,1.0,7.003679902884863e-06,1.0,0.0562011594211527,1.0,0.0,0.0,0.0190859390059618,1.0,1.0,1.0,0.0,0.0012325080449036,1.0,1.0,1.0,1.6173521638045627e-05,1.0,1.0,1.0,0.009755300745101,1.0,0.0,1.0,0.0069808313521321,1.0,1.0,0.0,0.0326806874223469,1.0,1.0,0.0,0.0013695835763252,1.0,0.0,1.0,0.0,0.0161005615772738,1.0,9.706237769169972e-05,1.0,1.0,1.0,0.043842123814411,1.0,0.0,0.0,1.5003244856522475e-05,1.0,1.0,1.0,1.0,1.6345702513282403e-16,1.0,1.0,0.0,2.049980701462674e-05,1.0,0.0,0.0,0.0027920324042359,1.0,1.0,1.0,0.0498228423546665,1.0,0.0,1.0,0.0001117521098089,1.0,1.0,0.0,0.0303526168345341,1.0,0.0,1.0,0.98506820598596,0.9706637507495516,0.9841042509814408,5.973670637859952,0.5768153131197363,6.046032853940615,G,A,1,0.0,0.0,-0.4,75.1,0.0,0.0,1.8,89.1,2.2,14.0,0.0,0.0,31.900174577484343,25.83380083481602,5.61482335228424,5.532718914087124,5.609328872778115,34.04952590337568,3.287808976453761,34.4619857292068,25.365403540190403,5.5130199790668435,5.43240419122258,5.507625120957991,33.43216781819093,3.2281971198917443,33.837149260651515,4.464623219902324,4.399337928053783,4.460254288015207,27.074458880889306,2.6142992179632984,27.402426049247925,0.9561699995664639,0.9694098090174449,5.884473018387708,0.5682024256800885,5.955754736763456,0.9552343233862234,5.798425547087607,0.5598937153225803,5.868664927161014,5.878714668680994,0.5676464016723234,5.949926633136412,3.445704699451363,36.11700893512166,3.4874443337779693,22,0.0658682634730539,0.06378973787533004,0,0.0,22,0.39824168499010043
VAR_004287,,,,,,,0.0014814005532855,0.0001343702568095,0.0067687178975285,0.0001721700425693,2.4312189486406785e-07,0.0010620487868472,0.0017757001383434,0.0044415302002253,8.71958085319625e-05,0.0010598186767353,0.0005635993483651,2.101270576306297e-06,0.0011196,0.0007507343814366,1.4135189732784603e-09,0.0011061000000044,0.0016281368571593,0.0086910908444717,0.05355279031452,0.0017758405901882,gnomADe_NFE,,,,,,,,,,,,,,,,,,,,,,,,,,,,,,,,,,,,,,,,,,,,,,,,,,,,,,,,,,,,,,,,,,,,,,,,,,,,,,,,,,,,,,,,,,,,,,,,,,,,,,,,,,,,,,,,,,,,,,,,,,,,,,,,,,,,,,,,,,,,,,,,,,,,,,,,,,,,,,,,,,,,,,,,,,,,,,,,,,,,,,,,,,,,,,,,,,,,,,,,,,,,,,,,,,,,,,,,,,,,,,,,,,,,,,,,,,,,,,,,,,,,,,,,,,,,,,,,,,,,,,,,,,,,,,,,,,,,,,,,,,,,,,,,,,,,,,,,,,,,,,,,,,,,,,,,,,,,,,,,,,,,,1,,,,,,,,,,,,,,,,,,,,,,,,,,,,,,,,,,,,,,,,,,,,,,,,,314,0.9401197604790419,0.6627497033755743,9,1.0,323,
VAR_006541,,,,,,,5.699102719041934e-06,0.0005072889225393,0.0114300589810475,4.346770885484616e-07,0.0001803938240843,0.0003293909419448,0.0135541261840561,0.0090300618144925,2.7555628586495304e-05,0.0004295167573247,6.935247657001386e-05,1.7711975868976657e-07,8.252109955934172e-05,4.901466611745148e-05,0.0375798752206059,2.5737769242293462e-16,0.0061078674174929,0.0173547840328293,0.0001224311835423,0.0142268343459389,gnomADg_EAS,,,,,,,,,,,,,0.0,1.3797873972735093e-19,1.0,0.0,6.35229734754919e-14,1.0,1.0,0.003997366642502,1.0,1.0,0.0468880182847648,1.0,0.0,2.3692792559160186e-07,1.0,1.0,0.000682822637649,1.0,0.0,1.3532894606650574e-32,1.0,1.0,0.0341100784558265,1.0,1.0,0.0002968494629563,1.0,0.0,5.622136573761344e-06,1.0,1.0,2.8231235747613262e-06,1.0,1.0,0.0043210927393564,1.0,1.0,4.8633380498279815e-08,0.0,1.0,5.513400241121994e-06,1.0,0.0,0.0013980816564128,0.0,1.0,0.0295819010968421,1.0,1.0,0.0001304103432059,1.0,0.0,0.0006434172788886,1.0,0.0,0.0002590788540452,1.0,AllofUs_EAS,0.0,6.596313569261177e-07,1.0,./.,./.,5.329755868948789,-4.759727871524564,-6.372332785111555,0.0,7.311715927815363e-07,1.0,1.0,0.0002730289852574,1.0,0.0,0.0100418838600978,1.0,0.0,2.1795201318177014e-06,1.0,1.0,0.0175491553054325,1.0,0.0,0.0339641928604898,1.0,0.0,4.319626407707568e-05,1.0,1.0,4.493582718526063e-05,1.0,1.0,1.3788903199112682e-13,1.0,1.0,4.774500099326968e-05,1.0,0.0,1.1467941692251097e-07,1.0,0.0,3.0974877669855495e-12,1.0,0.0,8.30509097402398e-05,1.0,0.0,0.0622748025043482,1.0,1.0,0.0005078702110435,1.0,0.0,9.353490653551288e-07,1.0,1.0,0.0718093187061709,1.0,1.0,8.949443368236494e-05,1.0,1.0,6.924072668645959e-06,1.0,0.0,0.050712330699791,1.0,0.0,0.0271373575066695,1.0,1.0,7.070559953481881e-09,1.0,0.0,0.0342638797140913,1.0,1.0,0.0044872227695844,1.0,1.0,8.821646348102136e-06,1.0,0.0,0.0007500836165672,1.0,0.0,5.965972235357749e-13,1.0,0.0,7.077184786826157e-13,1.0,1.0,0.0034036800223706,264690.0,./.,0.0005454304771796,1.0,2.4250369728268712e-05,0.0,1.2461233945049085e-05,1.0,0.0,0.0,0.0060635008809026,1.0,1.0,1.0,0.7364318405195156,0.0001033341600298,1.0,1.0,1.0,0.0008678979594621,1.0,1.0,1.0,5.091060460366634e-11,1.0,1.0,0.0,1.3328169478436028e-07,1.0,1.0,0.0,0.0002682320468398,1.0,0.0,1.0,0.0002693003981608,1.0,1.0,1.0,,0.0,0.0493413054955725,0.0,0.0004651696667465,1.0,0.0,0.0,1.5758784745980099e-12,1.0,1.0,1.0,0.0,0.0101676603652087,1.0,1.0,0.0,0.0201374672582114,1.0,1.0,1.0,0.0024031218033016,1.0,0.0,0.0,2.1047734486017267e-06,1.0,1.0,1.0,0.0005407574344864,1.0,0.0,1.0,5.646384381982835e-06,1.0,1.0,0.0,1.0,0.0007512631275992,1.0,0.0007782252613489,1.0,1.0,1.0,0.0100709620705059,1.0,1.0,1.0,1.0,3.577952398619521e-08,1.0,1.0,1.0,0.0003682419765682,1.0,0.0,1.0,2.280272537925305e-06,1.0,0.0,1.0,0.0002702917481079,1.0,0.0,1.0,0.0003570376439159,1.0,1.0,1.0,0.0209352351012243,1.0,1.0,1.0,,,,,,,,,,,,,,,,,,,,,,,,,,,,,,,,,,,,,,,,,0.0,0.2989320637540381,0.0787122732732616,-1.0881720748336314,-0.1933137043747476,-1.1419799917430966,A,S,1,0.0,0.0,1.8,89.1,1.0,0.0,-0.8,105.1,2.6,16.0,0.0,1.0,-25.368187557857173,-33.9629780603431,0.0,1.593234921210058,0.4195172004364669,-5.799691502270728,-1.030314850439542,-6.086474563214859,30.33056996392522,-0.0,-1.422835275542453,-0.37464900092980125,5.179402953600349,0.9201206266601463,5.435513995423009,-0.0,-1.9048945903809145,-0.5015807995698649,6.934194588305214,1.2318592561985673,7.2770765413259575,0.0,0.0,-0.0,-0.0,-0.0,0.023529622292347903,-0.325289524049531,-0.05778766460068132,-0.34137443569758325,-0.08565249772263686,-0.015216161126211637,-0.08988784118267963,0.21035857478324435,1.2426707370335788,0.22076038252570168,58,0.17365269461077845,0.16012084681376215,0,0.0,58,-0.19830790275778326
VAR_004440,0.4976243176944093,0.3303537080822646,0.6637249345187821,0.5282163584819115,0.6824232598268356,0.4639545818800361,0.6540051991620482,0.3382200000000041,0.6428702457227276,0.6476085598329266,0.5458241923883984,0.6688319783257521,0.6729300017141145,0.6257700021879505,0.4730400785775694,0.5641200000000001,0.3881674527073396,0.6037255436629754,0.6427327440478574,0.6485423851898868,0.5193186984098375,0.707105382264049,0.6705000661147879,0.5910737815672428,0.4888985987735424,0.6729603578965252,gnomADe_NFE,1.0,0.4886382466212021,1.0,0.2981845765888684,1.0,0.6146974711237936,1.0,0.5308488054853607,1.0,0.6432406088647044,1.0,0.4573801453694918,1.0,0.2831325301232174,1.0,1.0,0.2896008406287705,1.0,1.0,0.14328227388025,1.0,1.0,0.5263475941804807,1.0,1.0,0.5621941898455466,1.0,1.0,0.6710152653659408,1.0,1.0,0.5214071856287426,1.0,1.0,0.606989609415379,1.0,1.0,0.6152077345181485,1.0,1.0,0.3877362984233411,1.0,1.0,0.3911037072139312,1.0,1.0,0.6711447647374691,1.0,1.0,0.3772629724075797,1.0,1.0,0.5798700069821572,1.0,1.0,0.6323411818442957,1.0,1.0,0.5132535793594246,1.0,1.0,0.6672600000000152,1.0,1.0,0.5779800327648051,1.0,1.0,0.6672601361340045,1.0,AllofUs_EUR,1.0,0.4681819709699812,1.0,./.,./.,1.8630254126137769,1.7217329332908218,2.678379694024855,1.0,0.36153000369096,1.0,1.0,0.6376386403984193,1.0,1.0,0.5923974549245514,1.0,1.0,0.6512428978378503,1.0,1.0,0.6796965040454792,1.0,1.0,0.6779658826565863,1.0,1.0,0.5996664268066657,1.0,1.0,0.6683483019146191,1.0,1.0,0.3703891915490239,1.0,1.0,0.624836234905972,1.0,1.0,0.65403,1.0,1.0,0.6734302370159178,1.0,1.0,0.352928573730039,1.0,1.0,0.7017413681670345,1.0,1.0,0.4743051549070693,1.0,1.0,0.6728602830970458,1.0,1.0,0.7165367894107366,1.0,1.0,0.5984320998166979,1.0,1.0,0.6467213654967441,1.0,1.0,0.3591900001374665,1.0,1.0,0.658565386170665,1.0,1.0,0.4663559646096542,1.0,1.0,0.5139842847984339,1.0,1.0,0.5260037270085476,1.0,1.0,0.6384629490658966,1.0,1.0,0.4162177005970877,1.0,1.0,0.6499650072390053,1.0,1.0,0.3622737982680539,1.0,1.0,0.5556409470000008,264690.0,./.,0.6766082458112782,1.0,0.6042135855074997,1.0,0.3549978911440112,1.0,1.0,1.0,0.6453800968869411,1.0,1.0,1.0,1.0,0.6590555295361971,1.0,1.0,1.0,0.5170392282536124,1.0,1.0,1.0,0.6593589000144341,1.0,1.0,1.0,0.7104763726423015,1.0,1.0,1.0,0.6636547199192714,1.0,1.0,1.0,0.4497129030069064,1.0,1.0,1.0,,1.0,0.6001401887301527,1.0,0.3410478372284511,1.0,1.0,1.0,0.6431049389347266,1.0,1.0,1.0,1.0,0.6433947000000005,1.0,1.0,1.0,0.5138368171534248,1.0,1.0,1.0,0.7164931191045415,1.0,1.0,1.0,0.6642257918347045,1.0,1.0,1.0,0.6764294177668857,1.0,1.0,1.0,0.4515657407511118,1.0,1.0,1.0,1.0,0.5930244312374123,1.0,0.3417822,1.0,1.0,1.0,0.6433844366269299,1.0,1.0,1.0,1.0,0.6447940902863802,1.0,1.0,1.0,0.5138866343992106,1.0,1.0,1.0,0.658882742017518,1.0,1.0,1.0,0.6690351735532039,1.0,1.0,1.0,0.6664535847516709,1.0,1.0,1.0,0.458805568831552,1.0,1.0,1.0,1.0,0.6415800863975477,1.0,0.3435804025098316,1.0,1.0,1.0,0.60296391387702,1.0,1.0,1.0,0.6468323765737939,1.0,1.0,1.0,1.0,0.6475473002322946,1.0,1.0,1.0,0.5453822064670079,1.0,1.0,1.0,0.663154308834616,1.0,1.0,1.0,0.6816663088416243,1.0,1.0,1.0,0.6855141705479799,1.0,1.0,1.0,0.4589482409291169,1.0,1.0,1.0,0.0361065221003935,0.0,0.054561380707982,1.8932147993355848,0.6869066721432082,1.6678485506349536,P,R,1,0.0,0.0,-1.6,115.1,1.0,1.0,-4.5,174.2,2.9,59.099999999999994,1.0,1.0,3.2076322084548616,4.989889434597017,0.06726736823413405,0.0,0.10164923880626553,3.5271072826986867,1.2797245862967568,3.107244234223974,4.611454527059987,0.062165788206840385,0.0,0.0939401260507511,3.259610269809651,1.1826698395261628,2.8715897773695644,0.09670697561555361,0.0,0.14613609416621845,5.070748074967771,1.8397968823585573,4.467131690729445,0.0,0.0019700216983607357,0.06835740199300235,0.0248018109386465,0.06022021055361022,0.0,0.0,0.0,0.0,0.10329641342853459,0.03747857644965856,0.0910001197344497,1.3004618774638783,3.1575955591124996,1.1456562975555291,0,0.0,0.0,0,0.0,0,0.0
VAR_000280,0.0001886213392913,0.0226188417193331,0.0167372696790204,0.004633259622594,0.0560625642421704,6.417045335878686e-10,0.0017628146064293,0.0006581421263756,0.0049594585844643,0.0004767039326042,6.996013163411943e-05,1.6848095989623716e-05,0.0004208401564405,0.0001396827330532,0.0038450855401983,0.0320782531909396,0.0001515600024345,8.894727705144889e-07,0.0266068479267929,2.987162387988444e-14,0.0780166793192972,1.2675036625924367e-06,0.0558229520216117,0.0004413664396224,0.0017477651180808,0.0017554181006957,EUR,1.0,0.0002912620461905,0.0,1.43389565230618e-05,1.0,6.603748925770903e-09,1.0,2.109626139997897e-10,1.0,0.0008949941047056,1.0,3.8350831740833455e-09,0.0,0.0007394365506914,1.0,0.0,0.0050058804250387,1.0,0.0,0.0876719755455921,1.0,1.0,0.0001495530410308,1.0,0.0,2.170069975504697e-06,1.0,0.0,0.0003493911921327,1.0,0.0,0.0228512577475273,1.0,0.0,0.0013378915943598,1.0,1.0,0.0069792861363609,1.0,1.0,0.0005148934576318,1.0,0.0,5.243991943395461e-07,1.0,1.0,0.0010909162771619,1.0,1.0,0.0129655278950278,1.0,1.0,0.000258593555428,1.0,1.0,0.0916698674124955,1.0,1.0,0.000736632342672,0.0,0.0,0.0003960000037686,1.0,1.0,0.0002708369106385,1.0,0.0,0.0003960000007186,1.0,AllofUs_EUR,0.0,0.0017902997349269,1.0,G/G,G/G,5.179880535344074,1.8979836872408835,,1.0,7.195956852996127e-05,1.0,1.0,0.000329042521115,1.0,1.0,0.0070297540385682,1.0,1.0,0.0820529381582477,1.0,1.0,0.0011954179327285,1.0,0.0,0.0070387759850467,1.0,1.0,0.0008785857358424,1.0,1.0,0.0004225530561177,1.0,0.0,0.0115230725178877,1.0,1.0,6.723005018653038e-05,1.0,0.7822282877026305,0.0005594986751395,1.0,0.0,0.0008176798717707,1.0,1.0,8.248973698810709e-05,1.0,1.0,0.0764152920557956,1.0,1.0,0.0758743869612305,1.0,0.0,0.0003092658420375,1.0,0.0,0.0022963230288647,1.0,1.0,0.0101539151611523,1.0,0.0,0.0839723461878973,1.0,0.0,0.0030520822762533,1.0,0.0,0.00013149,1.0,1.0,7.893844339663152e-06,1.0,0.0,6.61648587535898e-05,1.0,1.0,3.411000000000003e-05,1.0,0.0,0.0001482724979587,1.0,0.0,6.192900065626077e-05,1.0,1.0,0.0001701033940722,1.0,1.0,7.233731481885174e-05,1.0,1.0,0.000251615097,264690.0,G/G,0.001302574501759,1.0,0.0002589904558522,1.0,0.0001276054852847,1.0,1.0,1.0,0.0008209700625422,1.0,0.0,1.0,1.0,0.0010490299644171,1.0,1.0,0.0,0.0080117944494619,1.0,0.0,1.0,3.818857337313064e-07,1.0,1.0,1.0,0.0003165907460708,1.0,1.0,1.0,0.0004539770089944,1.0,0.0,1.0,0.0001720845,1.0,1.0,0.0,,0.0,0.004208806814054,0.9775410120113311,0.000121127850442,1.0,0.0,0.0,0.0063160335900457,1.0,0.0,1.0,1.0,0.0011058599726301,1.0,0.0,0.0,5.071484997202091e-06,1.0,0.0,1.0,1.8843899164371816e-06,1.0,1.0,0.0,0.0003065815160538,1.0,1.0,1.0,0.0003092690121988,1.0,0.0,0.0,0.0001179951749325,1.0,0.0,0.0,1.0,0.0001580835332058,1.0,0.0001109909596785,1.0,1.0,1.0,0.0106761215914668,1.0,0.0,1.0,1.0,0.003301697764087,1.0,1.0,0.0,9.32587714431662e-09,1.0,0.0,0.0,0.0057135848259101,1.0,1.0,0.0,0.0002612889,1.0,0.0,0.0,0.0038305294947377,1.0,0.0,1.0,0.0001563442627127,1.0,1.0,0.0,1.0,0.000331268113188,0.0,9.592560001290689e-05,1.0,0.0,0.8863401750369402,1.2592829505563968e-06,1.0,0.0,0.0,0.0012182113791847,1.0,1.0,1.0,0.0,0.0010257873036787,1.0,1.0,1.0,0.0470588318831288,1.0,1.0,0.0,0.0001522059676961,1.0,1.0,1.0,0.074208081754831,1.0,0.0,1.0,0.0004361530838353,1.0,1.0,1.0,7.906423141540595e-05,1.0,1.0,0.0,0.0330377930459599,0.0774608595102005,0.9424521557258428,0.6078809908940848,0.6655378132517468,4.644812214632703,A,V,1,0.0,0.0,1.8,89.1,0.0,0.0,4.2,117.1,2.4000000000000004,28.0,0.0,0.0,9.831328757939627,,0.1711318211294935,0.40123799842790947,4.881789576937355,3.148750912537938,3.4474063643981823,24.05957238090434,,0.06270519226367219,0.1470194477500184,1.7887588175726545,1.153748204500797,1.2631799127937848,8.81577781367007,,,,,,,0.0025591358456601787,0.031136539276589166,0.020083046373731806,0.021987900538471918,0.1534543446843819,0.07300315402976512,0.047086984034568166,0.051553131051019614,0.359791146408927,0.5728987502928916,0.6272375468161722,4.377513284622317,0.40456778539695415,2.8234930515478758,3.091298164291652,0,0.0,0.0,1,0.1111111111111111,1,0.0
VAR_005389,,,,,,,0.0001241022456719,5.543375348217506e-06,4.032034391517543e-05,0.0394239219533662,0.0486504331242156,0.0302814839101893,5.3917751260197015e-05,0.0064210705048325,4.400912467725447e-08,0.0417992830237341,0.0183659468155265,0.0049277843032945,4.847774849605807e-05,0.002235761949229,2.913533700212741e-06,3.944104021238746e-05,0.0008707120568935,0.0293855251176643,4.436220957476755e-07,0.0537498296869925,gnomADe_MID,,,,,,,,,,,,,0.0,9.112059512353323e-08,1.0,1.0,1.910784498649049e-09,1.0,1.0,0.0010346149374079,1.0,1.0,3.0845294164154742e-09,1.0,0.0,0.0974225390725097,1.0,0.0,1.712658799592773e-06,1.0,0.0,3.655992812536946e-15,1.0,1.0,0.0119438043174851,1.0,0.0,0.0002587966514019,1.0,1.0,3.126106236581615e-09,1.0,0.0,0.0817389515829352,1.0,1.0,0.0076660415371586,1.0,0.0,0.0202843149031523,1.0,0.0,0.021070763334188,1.0,1.0,0.0055643074374281,1.0,1.0,2.864569712187309e-09,1.0,0.0,3.2337175593295017e-05,1.0,1.0,2.492188664788135e-20,1.0,0.0,2.120517052404473e-05,1.0,AllofUs_AMR,0.0,0.0026050211697506,0.0,C/C,C/C,5.479372934847318,-1.4522680211040069,-2.391720378399787,1.0,4.0127865262890892e-16,1.0,0.0,0.005127733373792,1.0,0.0,2.767998032291021e-05,1.0,1.0,0.0035510388773572,1.0,1.0,3.3318009104980394e-06,1.0,1.0,2.3131888015568383e-05,1.0,1.0,1.5556041796073664e-07,1.0,1.0,0.0334576055805153,1.0,0.0,0.0091367442619582,1.0,1.0,1.308052641529499e-07,1.0,0.0,1.702458319612924e-06,1.0,1.0,3.921681689605124e-06,1.0,0.0,5.434812125219351e-06,1.0,0.0,0.0001654248175329,1.0,1.0,0.0002713113663044,1.0,0.0,3.3675932649760148e-06,1.0,1.0,0.0001425599611864,1.0,1.0,8.208564511399935e-05,1.0,1.0,0.0438571339475813,1.0,0.0,0.0233049955147504,1.0,0.0,0.0306615240394687,1.0,0.0,0.0010187863629701,1.0,0.0,0.0013180268944989,1.0,1.0,1.2049821278052342e-08,1.0,0.0,5.593906968543278e-06,1.0,1.0,0.0053013631299968,1.0,0.0,5.968008707132454e-05,1.0,1.0,3.1920704635766253e-06,1.0,1.0,1.0335319900892712e-05,264690.0,C/C,0.0001518520615968,1.0,0.009043614353602,0.0,0.0035327935946245,1.0,0.0,1.0,0.0152426040679541,1.0,0.0,1.0,1.0,5.60032252139443e-13,1.0,0.0,1.0,3.0610657763456414e-05,1.0,0.0,0.0,0.0129939511240753,1.0,1.0,0.0,2.44788570790618e-06,1.0,1.0,,,,,1.0,1.1018364048067191e-09,1.0,0.0,1.0,,0.0,1.5236099752009112e-05,0.0,6.9773999578781834e-09,1.0,1.0,0.0,8.352481288471501e-17,1.0,1.0,1.0,1.0,0.0002673388258615,1.0,0.0,1.0,2.4383837017379896e-21,1.0,1.0,0.0,4.124629572062018e-06,1.0,0.0,0.0,5.547038718966956e-05,1.0,1.0,1.0,0.0077489219983428,1.0,1.0,0.0,0.0070776157772461,1.0,0.0,1.0,1.0,0.010792495879998,0.0,8.32143070028588e-09,1.0,1.0,1.0,7.983649054875806e-07,1.0,0.0,1.0,1.0,5.832560162600811e-07,1.0,1.0,1.0,3.6241028769561312e-06,1.0,1.0,1.0,0.0240801891842375,1.0,0.0,0.0,4.022613064142155e-05,1.0,1.0,1.0,4.0226589536608256e-05,1.0,0.0,0.0,0.0005599648070215,1.0,0.0,0.0,1.0,0.0104241416799036,0.0,7.052398773579261e-06,1.0,0.0,0.0,0.0202379053731247,1.0,0.0,0.0,0.0033811377405016,1.0,0.0,1.0,0.0,4.584766316190804e-05,1.0,0.0,1.0,0.0016382528211527,1.0,0.0,0.0,3.700104927998688e-06,1.0,1.0,1.0,0.0582789280944415,1.0,1.0,0.0,0.0023109437824995,1.0,1.0,0.0,0.0811029337380726,1.0,0.0,1.0,0.0,0.4464073840983064,0.0,0.0217594979938702,-0.1593303742270476,,C,W,1,0.0,0.0,2.5,121.2,0.0,0.0,-0.9,204.2,3.4,82.99999999999999,0.0,0.0,-7.957518088981569,-13.10512790912658,0.0,2.446032538344251,0.0,0.1192284043834769,-0.8730305402387794,,3.473419020972785,-0.0,-0.6483031683106637,-0.0,-0.031600623091774485,0.23139040728047527,,-0.0,-1.0676816376160603,-0.0,-0.05204263477568864,0.38107370293689397,,0.0,0.0,0.0,-0.0,,0.0,0.009713600578735942,-0.07112625556610053,,0.0,-0.0,,-0.0034669489583560305,,,22,0.0658682634730539,0.06378973787533004,1,0.1111111111111111,23,
VAR_005636,,,,,,,0.0004519389218749,7.161888422816262e-07,2.125413240972106e-06,0.0131353835457965,7.321411786665011e-05,0.0789948137956463,0.0796319315232824,6.051465722342208e-05,0.0025397315493855,0.013299519030015,0.0032224811045906,5.755638365518726e-11,0.0002951318017173,4.822246529683853e-06,3.967611103790433e-07,3.016824984611914e-05,3.969902702371939e-05,0.0010155524550399,3.034438691473377e-05,0.0004298423059413,gnomADg_REMAINING,,,,,,,,,,,,,0.0,3.1215725040914714e-10,1.0,1.0,6.783691410796163e-07,1.0,1.0,0.007167874235125,1.0,0.0,5.857561793212105e-05,1.0,1.0,0.0549082675710096,1.0,1.0,0.0169512622413566,1.0,0.0,0.0010671492908744,1.0,1.0,0.0216597816549646,1.0,0.0,0.0118449832310733,1.0,0.0,0.0010490676677198,1.0,1.0,0.0003543462064144,1.0,0.0,0.0006340241509613,1.0,1.0,3.140631772982378e-05,1.0,1.0,6.515672456199235e-05,1.0,1.0,3.506092477581811e-05,1.0,1.0,0.0012329401479429,1.0,0.0,4.231779263798859e-05,1.0,0.0,3.0346999795242757e-05,1.0,0.0,0.0024633315807329,0.0,AllofUs_EAS,0.0,0.0051308137321854,0.0,G/G,G/G,4.882098250022893,0.5061336455661805,-0.7571519100867051,0.0,0.0001771815848915,1.0,0.0,3.722400016541881e-05,1.0,0.0,0.0434352244948687,1.0,1.0,9.99671132205822e-05,1.0,0.0,0.0011315297154488,1.0,1.0,0.0464149830741843,1.0,0.0,0.0173239220936785,1.0,1.0,4.3876915986057055e-05,1.0,1.0,0.0143320192686762,1.0,1.0,0.0026794399590332,1.0,1.0,3.187756395221212e-05,1.0,0.0,6.773417405502652e-05,1.0,0.0,2.9817000000002235e-05,1.0,0.0,7.092000000135753e-06,1.0,1.0,0.0106587326479145,1.0,1.0,0.0082697874002717,1.0,0.0,0.010302429006055,1.0,0.0,0.0059725831482337,1.0,1.0,7.09205321702061e-06,1.0,0.0,0.0008041164389535,1.0,1.0,0.0229619843510172,1.0,1.0,0.0006289219819059,1.0,1.0,5.702420217590628e-05,1.0,1.0,0.0003997597396205,1.0,0.0,5.629198960469074e-06,1.0,1.0,2.31782405413967e-05,1.0,1.0,6.813001697125488e-06,1.0,0.0,0.028190034384253,1.0,1.0,0.0014337131823603,264690.0,G/G,0.000361337951458,1.0,0.0024732920927179,0.0,0.0001094086957686,1.0,0.0,0.0,0.000203647491802,1.0,0.0,1.0,0.0,1.2808147487360023e-14,1.0,0.0,0.0,1.8083797372927301e-10,1.0,0.0,0.0,1.4260386908915235e-06,1.0,0.0,1.0,2.104380071125345e-05,1.0,0.0,0.0,0.0003475067271986,1.0,1.0,0.0,0.0012482438814078,1.0,1.0,1.0,,0.0,2.279079029569725e-05,0.0,0.0196309610761105,1.0,0.0,0.0,2.561344876127571e-05,1.0,1.0,1.0,0.0,7.747325288914857e-06,1.0,1.0,1.0,4.992803935154979e-11,1.0,0.9899605721941817,1.0,9.506495875527604e-12,1.0,0.0,1.0,0.012838799170485,1.0,0.0,1.0,5.25597015403082e-05,1.0,0.0,1.0,0.0042172653720834,1.0,0.0,1.0,0.0,0.0401290002596303,1.0,5.520716459842274e-05,1.0,1.0,0.0,3.021504407635897e-05,1.0,0.0,1.0,0.0,0.0592256660803113,1.0,0.0,0.0,0.0018788784317959,1.0,0.3796140036603778,0.0,0.0056468731744688,1.0,1.0,0.0,5.166715935151245e-05,1.0,0.0,1.0,0.0085610731026401,1.0,0.0,0.0,0.0015059897839992,1.0,0.0,1.0,0.0,0.0123059714657594,0.0,2.5795050753445606e-06,1.0,0.0,0.2999482129346966,5.881970595891478e-14,1.0,0.0,1.0,0.0269552948738198,1.0,0.0,1.0,1.0,1.4913372712886472e-08,1.0,1.0,0.0,0.0701218566162552,1.0,1.0,1.0,0.0030593887723778,1.0,1.0,0.0,0.0219028478963688,1.0,0.0,0.0,4.656065992703651e-05,1.0,1.0,1.0,3.439857238749093e-17,1.0,1.0,1.0,0.0,0.0,0.0,-0.1890662744083555,0.686221427569918,,V,M,1,0.0,0.0,4.2,117.1,0.0,0.0,1.9,149.2,2.3000000000000003,32.099999999999994,0.0,0.0,2.4709941852963566,-3.696490015235794,0.0,0.0,0.0,-0.9230401274273805,3.350200430667308,,-0.38322005649958096,0.0,0.0,0.0,-0.09569280271991681,0.3473197528015913,,-0.0,-0.0,-0.0,0.1431518908012635,-0.519573864626989,,0.0,0.0,-0.0,0.0,,0.0,-0.0,0.0,,-0.0,0.0,,-0.12974132872982755,,,18,0.05389221556886228,0.05249018262139668,1,0.1111111111111111,19,
VAR_002988,,,,,,,0.0001072759857213,2.6883000000005316e-05,2.012990331312823e-05,9.189351660578009e-06,1.586696459851348e-11,7.01089916980257e-05,4.813212816202794e-05,5.960701233380303e-05,7.269062501930268e-09,5.748668174598265e-05,1.8863778723106934e-07,4.5494751285569087e-11,0.0125082704669372,0.0577586996010012,0.0367463632565284,1.6355935952344153e-08,0.0002237299082929,5.2902988130015816e-05,0.0021299747627285,0.0009369000769809,gnomADe_MID,,,,,,,,,,,,,0.0,0.000419771635781,1.0,1.0,0.0013013153288817,1.0,1.0,0.0033569003686008,1.0,1.0,5.233208761250014e-13,0.0,1.0,7.66137169592295e-09,1.0,1.0,0.0112777791601625,1.0,0.0,0.0090721217964797,1.0,1.0,0.0067657120529973,1.0,1.0,0.05988923784329,1.0,0.0,1.628777661364352e-05,0.0,1.0,0.0001647592879916,0.0,0.0,7.653986710652244e-05,1.0,1.0,0.0001001408815605,1.0,0.0,7.688337835716845e-05,1.0,1.0,9.047646096885088e-05,1.0,0.0,1.311457168433391e-13,0.0,0.0,0.0085918022719344,1.0,0.0,0.0001621829669246,1.0,0.0,0.0075006528224701,1.0,AllofUs_OTH,1.0,5.223902374327527e-09,1.0,C/C,C/C,5.778550932630255,4.843238427196054,3.7302591393278384,1.0,0.0016672561805089,1.0,1.0,0.0140622043378332,1.0,1.0,4.665951351247248e-22,1.0,1.0,5.667155870337344e-05,1.0,0.0,0.0001095173995488,1.0,0.0,0.0001545854706836,1.0,0.0,0.0007103995597247,1.0,0.0,6.94080000117992e-05,1.0,0.0,4.04200268104834e-05,1.0,1.0,0.0082860349010883,1.0,0.0,0.0002981700070466,1.0,0.0,0.0001201613554759,1.0,1.0,0.0139704432589323,1.0,0.0,6.046540089165473e-05,1.0,1.0,5.195576558123692e-05,1.0,0.0,0.0338883455542867,1.0,1.0,0.0021921975299046,1.0,0.0,0.0006479109908509,1.0,1.0,4.32000000146521e-05,1.0,0.0,0.0940574157289264,1.0,0.0,0.0001084500565827,1.0,1.0,0.0401871128006338,1.0,0.0,0.0099419833749585,1.0,0.0,3.854318797036266e-05,1.0,1.0,0.0067449445008264,1.0,0.0,3.2670001873316664e-05,1.0,0.0,0.0011771979993152,1.0,1.0,0.0067746886894145,1.0,0.0,3.400337478992803e-05,264690.0,C/C,0.0008878800414181,1.0,8.228349000006384e-06,0.0,0.0039429518334684,1.0,1.0,1.0,5.147897523792073e-09,1.0,0.0,1.0,0.0,0.0008369521715511,1.0,1.0,0.0,0.0002310960807656,1.0,1.0,0.0,7.80550558270498e-14,1.0,1.0,1.0,0.0009429032764985,1.0,0.0,0.0,2.4403272059838125e-05,1.0,0.0,0.0,7.271175164789845e-07,1.0,0.0,0.0,,0.0,0.0002856422929551,0.0,3.563404744441943e-08,1.0,0.0,1.0,0.0011527357058807,1.0,1.0,1.0,0.0,0.0777443526389486,1.0,1.0,0.0,8.85392765326097e-07,1.0,0.0,0.0,0.000111719274978,1.0,0.0,1.0,2.6451493381780904e-05,1.0,0.0,0.0,0.0011898814089083,1.0,0.0,1.0,7.251566746277916e-06,1.0,1.0,1.0,1.0,8.65583372681533e-06,0.0,1.0916210534296944e-07,1.0,0.0,1.0,0.002924822926818,1.0,1.0,1.0,1.0,2.7383034307525115e-05,1.0,0.0,0.0,1.2566921600742159e-11,1.0,0.0,0.0,4.10721415338319e-10,1.0,1.0,1.0,0.0546518872152773,1.0,0.0,0.0,5.459624223687737e-05,1.0,1.0,1.0,9.207222646668201e-10,1.0,0.0,0.0,1.0,0.0062174762525461,0.0,1.5986364662528502e-05,1.0,1.0,1.0,1.303024547376693e-13,1.0,0.6937815711972808,0.0,1.5003888285276612e-05,1.0,0.0,1.0,0.0,7.213551093810704e-07,1.0,0.0,1.0,0.0256912064602435,1.0,1.0,0.0,0.002765365978365,1.0,1.0,0.0,4.652512171791954e-05,1.0,0.0,1.0,0.0146031041943512,0.0,0.0,0.0,4.612294605388615e-13,1.0,1.0,0.0,0.9709663329420464,0.9889454171683866,0.9649115494750048,3.684437995784181,0.6654305817919994,4.436136240967631,V,M,1,0.0,0.0,4.2,117.1,0.0,0.0,1.9,149.2,2.3000000000000003,32.099999999999994,0.0,0.0,27.986899930424446,21.55549242851541,5.6107784087748405,5.714671462698797,5.5757905341244935,21.290712616757027,3.8452245090148516,25.634439212518377,18.066534406991867,4.702621455218557,4.789698446829362,4.673296695262629,17.84461168380316,3.2228389643664386,21.485265510531484,3.6219560374367052,3.6890226806887556,3.5993701260721225,13.743908507060684,2.4822285093178467,16.54793775617295,0.9602327051878305,0.9368966288071734,3.577465249718909,0.6461106918300702,4.307338938323655,0.9542448548261528,3.643708070771841,0.6580745243068911,4.387096605439532,3.555156775456695,0.6420816537449721,4.2804790939543,2.451737719111216,16.34466892069635,2.951940719735664,18,0.05389221556886228,0.05249018262139668,0,0.0,18,0.23907321059106995
VAR_002989,,,,,,,4.3551142279310726e-05,0.0013465700172911,0.0071449937172091,9.70185545734258e-07,0.067079761948505,5.697424914002395e-12,0.0016099290419721,0.0462362083161917,0.0004661801769679,5.924209883619493e-05,0.0090131365605586,0.0302064908078978,0.000253984003968,2.99227530515459e-07,0.0002347256738423,2.2290255685346273e-24,3.974384265815266e-05,0.0008747161752851,0.0256014710260825,0.0133726209030904,gnomADg_REMAINING,,,,,,,,,,,,,1.0,5.710297569951145e-05,1.0,1.0,0.0306472438300954,1.0,0.0,0.0005113258216857,1.0,0.0,0.0098598948003034,1.0,1.0,3.7429476427715824e-14,1.0,0.0,0.0011758243258788,1.0,1.0,0.0053989144130771,1.0,0.0,0.0007237703410255,1.0,1.0,0.0002272568240259,1.0,1.0,5.230409808447754e-05,1.0,1.0,0.0160207932044828,1.0,1.0,0.0037304317261441,1.0,0.0,0.0035756341974382,1.0,1.0,9.561678999826922e-05,1.0,0.0,0.0295634716282494,1.0,1.0,0.0008534892828029,1.0,0.0,0.0037269082820814,1.0,1.0,0.0003309302979735,1.0,0.0,0.0031509344777303,1.0,AllofUs_AMR,1.0,3.350698975526635e-05,0.0,C/C,C/C,5.724286255948598,0.2986119176243726,-2.624703498081587,1.0,0.0003261416712213,1.0,0.0,0.0001738339112889,1.0,0.0,0.0001763867487208,1.0,1.0,5.455130196551349e-06,1.0,1.0,3.288329613752103e-05,1.0,1.0,9.658377896680886e-05,1.0,0.0,5.973304026267292e-05,1.0,1.0,0.0026152581808695,1.0,1.0,0.0003687441551795,1.0,1.0,0.0001941888085031,1.0,1.0,0.0819640987299912,1.0,0.0,3.0114018047713104e-05,1.0,0.0,5.095231371303988e-05,1.0,1.0,0.0001110617255232,1.0,0.0,0.0114437084967737,1.0,0.0,3.347111116218564e-05,1.0,1.0,0.0001042422201828,1.0,1.0,0.0010538374455335,1.0,1.0,0.0002604434574712,1.0,1.0,3.456993017138066e-05,1.0,1.0,0.000963382200277,1.0,1.0,7.28280000002026e-06,1.0,0.0,0.0102061169959187,1.0,0.0,0.0016404543640546,1.0,1.0,0.0407379069207687,1.0,0.0,0.0124016110057593,1.0,0.0,0.0059851997535037,1.0,1.0,4.303605576003019e-05,1.0,1.0,4.760288572400368e-05,264690.0,C/C,0.0038986780882553,0.0,6.136212898440103e-05,1.0,2.844728889651293e-07,1.0,0.0,1.0,0.0004023765699547,1.0,1.0,1.0,0.0,4.255882425837259e-05,1.0,0.0,1.0,9.263132612428856e-07,1.0,1.0,0.0,9.75682138988985e-15,1.0,1.0,0.0,2.1100595210573907e-05,1.0,1.0,0.0,0.0034075960542163,1.0,1.0,0.0,0.0164224602200179,1.0,1.0,1.0,,0.0,4.99965668650081e-05,0.0,0.0888573975206178,1.0,0.0,1.0,0.0001840599787802,1.0,1.0,1.0,0.0,3.1525296062878573e-06,1.0,1.0,1.0,0.0733941996028859,1.0,0.0,1.0,0.000103650051727,1.0,0.0,0.0,0.0393953426993041,1.0,0.0,0.0,0.0001843878704686,1.0,1.0,0.0,0.0069827786933829,1.0,0.0,1.0,0.0,0.0004255017907238,0.0,0.0002403369355263,1.0,1.0,0.0,0.0569000222678562,1.0,1.0,1.0,1.0,0.0063853794734651,1.0,1.0,1.0,2.7691990035856356e-05,1.0,1.0,0.0,7.376424686899145e-09,1.0,1.0,0.0,0.0016404800690772,1.0,0.0,1.0,0.0002066112000105,1.0,1.0,0.0,0.0166830636719604,1.0,1.0,1.0,1.0,0.0007934200989318,0.0,0.0010236076214334,1.0,1.0,1.0,0.0079030706477739,1.0,1.0,1.0,0.0047994453783835,1.0,0.0,1.0,0.0,0.0001771998530904,1.0,1.0,0.0,1.8555899959493226e-08,1.0,1.0,0.0,0.0989086686358471,1.0,0.0,1.0,5.05462437691053e-05,1.0,0.0,1.0,0.0002100822383729,1.0,0.0,1.0,0.0192659290561768,1.0,1.0,0.0,0.0366301258059607,0.9007808756120624,0.0,-0.288251924960157,-0.1856707127861731,-0.7695302008991789,R,L,1,1.0,1.0,-4.5,174.2,0.0,0.0,3.8,131.2,8.3,43.0,1.0,1.0,1.709340095919651,-15.024554160008634,0.2096813257047289,5.156327585887472,0.0,-1.6500365323001533,-1.0628323093340701,-4.405011152544533,-0.7837677447575414,0.010938192109739942,0.2689839046258794,0.0,-0.08607546007126923,-0.05544348759176326,-0.22979088896037253,-0.09614321933807365,-2.364282715223975,-0.0,0.7565758357716752,0.48733056934117014,2.0197886101795013,0.03299571679727328,0.0,-0.010558704275100894,-0.006801141567839916,-0.028187988070423137,0.0,-0.2596518213624727,-0.16724862723904474,-0.6931780881758887,-0.0,-0.0,-0.0,0.053519940369338825,0.22181856172416467,0.1428792209114375,18,0.05389221556886228,0.05249018262139668,0,0.0,18,-0.041471687473608444
VAR_001766,,,,,,,2.698655932962459e-05,1.3090487660106409e-05,3.3179402923708575e-33,0.0054917097454452,0.0385921798327693,0.0604460043491797,0.0131593788236287,4.544223296103574e-05,1.884373050345036e-06,4.938537989949023e-05,0.0058709131175968,0.0008086887817124,9.022540976355795e-17,0.0828227259078771,3.798917832353426e-06,0.0015584735044754,0.0209878459004683,0.0043076693099426,0.0016067883014173,0.0015581872908155,gnomADg_ASJ,,,,,,,,,,,,,,,,,,,,,,,,,,,,,,,,,,,,,,,,,,,,,,,,,,,,,,,,,,,,,,,,,,,,,,,,,,,,,,,,,,,,,,,,,,,,,,,,,,,,,,,,,,,,,,,,,,,,,,,,,,,,,,,,,,,,,,,,,,,,,,,,,,,,,,,,,,,,,,,,,,,,,,,,,,,,,,,,,,,,,,,,,,,,,,,,,,,,,,,,,,,,,,,,,,,,,,,,,,,,,,,,,,,,,,,,,,,,,,,,,,,,,,,,,,,,,,,,,,,,,,,,,,,,,,,,,,,,,,,,,,,,,,,,,,,,,,,,,,,,,,,,,,,,,,,,,,,,,,,,,,,,,1,,,,,,,,,,,,,,,,,,,,,,,,,,,,,,,,,,,,,,,,,,,,,,,,,314,0.9401197604790419,0.6627497033755743,9,1.0,323,
VAR_005871,,,,,,,0.0605872924635104,3.730819878610696e-05,2.0131777202285437e-05,3.926778873653589e-05,0.000923159017839,0.0001309216662026,0.000804750357869,0.0020640517389425,3.645104082668766e-05,0.0260402953783886,4.0172540044153774e-08,1.2335084816280414e-05,0.0352855552513573,0.0040090246916963,2.281280239284289e-07,0.0016632071620269,9.032569890028216e-05,9.433378373301635e-11,0.0129990886478832,0.0001664016784569,gnomADe_MID,,,,,,,,,,,,,,,,,,,,,,,,,,,,,,,,,,,,,,,,,,,,,,,,,,,,,,,,,,,,,,,,,,,,,,,,,,,,,,,,,,,,,,,,,,,,,,,,,,,,,,,,,,,,,,,,,,,,,,,,,,,,,,,,,,,,,,,,,,,,,,,,,,,,,,,,,,,,,,,,,,,,,,,,,,,,,,,,,,,,,,,,,,,,,,,,,,,,,,,,,,,,,,,,,,,,,,,,,,,,,,,,,,,,,,,,,,,,,,,,,,,,,,,,,,,,,,,,,,,,,,,,,,,,,,,,,,,,,,,,,,,,,,,,,,,,,,,,,,,,,,,,,,,,,,,,,,,,,,,,,,,,,1,,,,,,,,,,,,,,,,,,,,,,,,,,,,,,,,,,,,,,,,,,,,,,,,,314,0.9401197604790419,0.6627497033755743,9,1.0,323,
VAR_000215,0.0028800094371759,0.015285214010126,0.0092650032976728,2.1663611384458557e-07,0.0050512417899395,0.008290646384664,0.0144780738063706,0.0012844001103882,0.0016992425790663,0.0200122672753666,0.0005789057084063,0.0032070234595277,0.0021537087235505,0.0111725528473744,0.0118351321616111,0.0035595471424364,0.0015611229187678,5.175381113340467e-05,0.0034627162679456,0.0215280007347384,4.237110969398801e-08,0.0198652486319351,0.0029241141017805,0.0043322307567956,0.0114031249186877,0.032168629854662,gnomADg_ASJ,1.0,0.002875401511743,0.0,1.0114842402201157e-06,1.0,0.0038904899135445,0.0,4.406840155270241e-05,1.0,0.0036356264223921,1.0,0.0314645675818111,1.0,0.0263404279688655,1.0,1.0,0.0006222292595834,1.0,0.0,2.3310876240264803e-26,1.0,1.0,0.0459147584393717,1.0,0.0,0.0153827873130819,1.0,1.0,0.0037142306585348,1.0,1.0,0.0050738590235688,1.0,1.0,0.0342224729624778,1.0,1.0,0.0054042584346058,1.0,1.0,0.0011136211113063,1.0,1.0,0.059869621794886,1.0,0.0,0.0717556739645409,1.0,0.0,0.0876932042788459,1.0,0.0,0.0030915001070189,1.0,0.0,0.0021051000764165,1.0,1.0,0.016805274415818,1.0,1.0,0.0040839216816832,1.0,1.0,0.0067401000551497,1.0,0.0,0.0114480458046036,1.0,AllofUs_MID,1.0,0.011415489659447,1.0,C/C,C/C,5.380970402949591,5.177263321445351,,1.0,0.0008931600019369,1.0,0.0,0.0029127473943567,1.0,0.0,8.327989252193405e-12,1.0,1.0,0.0151147487108317,1.0,1.0,0.0018845354020507,1.0,1.0,0.0077742068247214,1.0,0.0,0.0004964774201837,1.0,1.0,0.0144515680874908,1.0,1.0,0.0067176000031377,1.0,1.0,0.0010475558433651,1.0,0.0,0.0026226000699121,1.0,1.0,0.0019022399055991,1.0,0.0,0.0004808867356298,1.0,1.0,0.0016715769406907,1.0,1.0,0.011106068829961,1.0,1.0,0.0498494724199691,1.0,1.0,0.0129709678339165,1.0,1.0,0.061273417705142,1.0,1.0,0.000673894300622,1.0,1.0,0.0006140700000004,1.0,0.0,0.0053064000552601,1.0,1.0,0.0404465566697084,1.0,1.0,0.010400432213244,1.0,0.9348724799449556,0.0015089119532595,1.0,1.0,0.0049524679584032,1.0,1.0,0.0008162853880599,1.0,1.0,0.0068047145296931,1.0,1.0,0.0186123977751455,1.0,1.0,0.0338234140734452,264690.0,C/C,0.0301388707866488,0.0,0.0038006702987208,1.0,0.0003769688495004,1.0,0.0,1.0,0.0287211455249308,1.0,1.0,1.0,1.0,0.0194131100718951,1.0,0.0,0.0,0.0008338996557951,1.0,0.1293925542590547,0.0,0.0003724664188806,1.0,0.0,1.0,0.0044516319378338,1.0,1.0,1.0,0.0481920137024049,1.0,1.0,1.0,0.0519943800630602,1.0,1.0,0.0,,1.0,0.0042668054122999,0.0,0.0070773089529107,1.0,1.0,1.0,0.0016812630306696,1.0,1.0,1.0,1.0,0.0368562130276716,1.0,0.0,1.0,0.000265244815211,1.0,1.0,1.0,0.0009552732537128,1.0,0.0,0.0,0.0033069967726448,1.0,1.0,1.0,0.0124290871922491,1.0,1.0,1.0,0.0312302262680806,1.0,0.0,0.0,1.0,0.0050153397089196,1.0,0.0004525816997324,1.0,1.0,1.0,0.0049445339970926,1.0,1.0,1.0,1.0,0.0326044562701088,1.0,1.0,1.0,0.0003354705162682,1.0,0.0,1.0,0.0002695393474349,1.0,0.0,1.0,0.003296484,1.0,0.0,0.0,0.0830965613398048,1.0,1.0,1.0,0.0258372018679309,1.0,0.0,1.0,1.0,0.0030657780009424,1.0,0.0007915121568156,1.0,1.0,1.0,0.0312827553380462,1.0,0.0,1.0,0.0020555102002952,1.0,0.0,1.0,1.0,0.0201868019550863,1.0,1.0,0.0,0.0006166034299986,1.0,0.0,1.0,0.0015662995414515,1.0,1.0,1.0,0.0022329513624865,1.0,1.0,1.0,0.0261976914941525,0.0,0.0,1.0,0.013914784460676,1.0,1.0,1.0,1.0,0.6825008575663837,0.9753541737309231,6.139614642393464,0.6784424330223742,,G,E,1,0.0,0.0,-0.4,75.1,1.0,-1.0,-3.5,147.1,3.1,72.0,1.0,1.0,27.858700700973927,,5.380970402949591,3.672516914552425,5.24835194123945,33.03708467623516,3.6506786521985055,,,5.177263321445351,3.533486656733436,5.049665389075745,31.786401695872495,3.512475124198882,,,,,,,,0.6825008575663837,0.9753541737309231,6.139614642393464,0.6784424330223742,,0.6656800600023066,4.190292258560665,0.4630375423471942,,5.988298766557954,0.6617216586845349,,4.165375095805215,,,0,0.0,0.0,2,0.2222222222222222,2,
VAR_000360,0.0025385852693707,0.0090663592391505,0.0013095894485715,0.0117368676169452,0.0008844161633067,0.0914191781742398,0.0001649700278871,0.0436924635543923,0.0004628425859526,3.870204876267724e-06,0.0197349538967534,0.0006793078293088,0.0364317538713407,0.0010852657635201,4.864654858788471e-05,0.0015310557703982,0.0054847788706992,0.0002971827355037,0.0018646927794661,0.0222791423241301,0.0143155155555171,0.0013600090095901,8.411162932788195e-07,0.000425344471861,0.0710607684109921,0.0088368613003785,AFR,0.0,0.0025159744411152,1.0,0.0088502269407032,1.0,0.0014488864906124,0.0,0.000177236528725,1.0,5.632976593387486e-07,0.0,0.0048259117234869,1.0,0.0049581622600567,1.0,1.0,0.004789350078199,1.0,1.0,0.0093490304783774,1.0,0.0,0.0026012727315163,1.0,0.0,0.0261464880760747,1.0,1.0,0.0047182950603272,1.0,1.0,0.0048918973244339,1.0,0.0,3.519126880046836e-05,1.0,0.0,0.0012463145402779,1.0,1.0,0.0004293952730924,1.0,1.0,0.0013483146076193,1.0,1.0,0.0005590077389672,1.0,1.0,0.0789813206291922,1.0,0.0,0.0099859397063849,1.0,0.0,0.0005627700334551,1.0,0.0,7.250116816874099e-10,1.0,1.0,1.2751298639630374e-10,1.0,0.0,0.0012677631277049,1.0,0.0,0.0278623510830139,1.0,AllofUs_AFR,1.0,0.0714556578787122,1.0,T/T,T/T,5.799757723413946,5.7329426738384965,3.792519455241083,0.0,0.0055881000160273,1.0,0.0,0.0006411496328668,1.0,0.0,0.001680254168237,1.0,1.0,2.0710711375710468e-05,1.0,0.0,0.0983398136884862,1.0,0.0,0.0408738023682986,1.0,0.7476171897200836,0.0467908787433963,1.0,0.0,0.0414472935504385,1.0,1.0,0.0532081571530947,1.0,0.0,0.005148726193961,1.0,1.0,0.0448744455613992,1.0,0.0,2.618394335154888e-05,1.0,1.0,0.0056088,1.0,1.0,0.000124737267959,1.0,0.0,0.0106645071623386,1.0,1.0,3.882897494007004e-05,1.0,0.0,0.011544525790616,1.0,1.0,0.0001614600220826,1.0,1.0,0.0003121231005881,1.0,1.0,0.0062403485112889,1.0,1.0,0.0749442470276551,1.0,0.0,4.231315002489308e-05,1.0,1.0,0.0005338721367259,1.0,1.0,0.0092118210469767,1.0,0.0,0.0425521273576946,1.0,1.0,0.0064791000008628,1.0,1.0,0.0035288401751503,1.0,1.0,0.0055545916889642,1.0,0.0,0.00175790556,264690.0,T/T,0.0094195126414604,1.0,0.0005988131770259,1.0,0.032131407078596,1.0,0.0,0.0,0.0003106173503517,1.0,1.0,1.0,1.0,3.1596027870085546e-05,1.0,1.0,1.0,0.0099347804720615,1.0,1.0,0.0,8.470124607333989e-05,1.0,0.0,1.0,3.579573986483977e-07,1.0,0.0,0.0,0.0086807773584026,1.0,1.0,1.0,5.736146294070968e-05,1.0,0.0,0.0,,0.0,0.000360896421708,1.0,0.0226033218600546,1.0,1.0,0.0,0.0001839921376127,1.0,0.0,1.0,0.0,0.0125569663440082,1.0,0.0,1.0,1.6826052055738998e-08,1.0,0.0,1.0,1.8117334722489178e-10,1.0,1.0,1.0,0.0082435441217959,1.0,1.0,1.0,0.0091693296913831,1.0,0.0,1.0,2.9483100000000036e-05,1.0,1.0,1.0,1.0,0.0004281516000199,1.0,0.0051609344849595,1.0,0.0,1.0,0.0068410785294922,1.0,0.0,1.0,0.0,0.0022997507971869,1.0,0.0,1.0,1.1270337488566048e-06,1.0,0.0,1.0,1.880982033564816e-07,1.0,1.0,0.0,0.000244573327871,1.0,1.0,1.0,0.0081974542392086,1.0,1.0,1.0,0.0004188563182613,1.0,0.0,1.0,0.0,0.00237528749218,0.0,0.0058444657460914,1.0,1.0,0.0,7.062113237975282e-11,1.0,0.0,0.0,0.0001953107290778,1.0,1.0,1.0,1.0,0.0002423257958514,1.0,1.0,1.0,0.0068382711836731,1.0,1.0,0.0,1.4075027952827762e-10,1.0,0.0,1.0,2.995403385055815e-05,1.0,1.0,1.0,0.005844465,1.0,0.0,1.0,0.0036433523454849,1.0,0.0,1.0,1.0,0.9927934079372212,0.9923616229477286,5.970012980099822,0.7030048244217113,7.46230668999456,T,A,1,1.0,0.0,-0.7,119.1,0.0,0.0,1.8,89.1,2.5,30.0,0.0,1.0,33.24967855048422,21.995694001732122,5.799757723413946,5.7579612354383505,5.755456987110687,34.624628890215455,4.077257660037085,43.27957085977951,21.74229662631433,5.7329426738384965,5.6916276946688455,5.689152296076661,34.22574217698401,4.030286357841568,42.78097646834031,3.792519455241083,3.765188314637008,3.7635507616638764,22.641390375070372,2.666159473747682,28.30094330278006,0.9927934079372212,0.9923616229477286,5.970012980099822,0.7030048244217113,7.46230668999456,0.9852100775523871,5.926989531942748,0.6979385554339386,7.408528889832423,5.924411769950865,0.6976350085032124,7.405306777816694,4.196947926870413,44.55006780075326,5.246037604380588,0,0.0,0.0,0,0.0,0,0.0
VAR_000396,0.0001800000000002,9.556644758037374e-05,0.0048666047389345,0.0001159379304332,0.0416101169189563,0.0335414002710416,0.0368767819389877,0.0002665221811009,0.0035568425982924,4.687509359482739e-07,0.008688567376805,3.805841004232547e-05,0.0015977944357569,0.0013563011424958,1.0313824953805813e-05,0.0011763000020725,0.0015339825004168,8.243476967788293e-18,0.0028281018931334,4.279600431597314e-06,0.0173403514893411,0.0001189568262379,0.001627200000361,0.0017028000003758,0.0001798793913215,0.0028641284634709,gnomADg_AMR,1.0,0.024351373850887,0.0,1.640641637666993e-09,1.0,0.0012968315108083,0.0,1.532493734350664e-05,0.0,0.001345008029178,1.0,1.5070035536364809e-06,1.0,9.382819015846634e-05,1.0,0.0,0.0001518906968578,1.0,0.0,0.0139805294205304,1.0,0.0,0.0058085047343048,1.0,0.0,0.0069720638605082,1.0,0.0,0.0009499247632819,1.0,1.0,0.0016474936563794,1.0,1.0,0.0053997755720776,1.0,1.0,0.0084674292857328,1.0,1.0,1.1770251017689916e-09,1.0,1.0,0.0008870067114497,1.0,1.0,0.0264157174590145,1.0,1.0,0.0005375346067875,1.0,1.0,0.0023590437829296,1.0,1.0,0.0015642000034874,1.0,0.0,0.000547939512915,0.0,1.0,0.0024262958380019,1.0,0.0,0.0007219800271684,1.0,0.0,0.0125413604482803,1.0,AllofUs_MID,0.0,5.799157568978496e-05,1.0,C/C,C/C,5.891605684484994,5.49320872590185,3.5690022112010795,1.0,0.0003214294848424,1.0,1.0,0.015736894865619,1.0,1.0,0.0078728445456441,1.0,1.0,0.0166213322410793,1.0,1.0,0.0017158549405406,1.0,0.0,0.0016886589768885,1.0,0.0,0.0005797800000169,1.0,0.0,0.0016011000004943,1.0,0.0,0.0003069112985943,1.0,1.0,0.00419215928856,1.0,1.0,0.0037465993072828,1.0,1.0,0.0141000030860053,1.0,0.0,0.0026314414315735,1.0,1.0,0.0010303185379341,1.0,0.0,0.000423271698795,1.0,1.0,0.0018732454998576,1.0,1.0,0.0013374000039698,1.0,0.0,0.0005338149617763,1.0,0.0,0.0010068270867958,1.0,0.0,0.0003152695403424,1.0,0.0,0.0008690231893941,1.0,1.0,0.0284527473861852,1.0,1.0,0.0004475340751806,1.0,0.0,0.0002449232536793,1.0,0.0,0.0016038295445648,1.0,0.0,0.0002681529246056,1.0,1.0,0.0164464408031333,1.0,0.0,0.0004014622055842,1.0,1.0,0.002391467333412,264690.0,C/C,0.002291834517003,1.0,0.0011677360015972,1.0,0.0004825684426788,1.0,1.0,1.0,0.0026173889337721,1.0,1.0,1.0,1.0,2.908964453747465e-14,1.0,1.0,0.0,0.0001718002911066,1.0,0.0,1.0,0.0127679359326581,1.0,1.0,1.0,0.0012415860001121,1.0,1.0,0.0,0.0021573904387964,1.0,1.0,0.0,0.0549435320350329,1.0,0.0,0.0,,1.0,0.0008878750313745,1.0,0.0003656370331217,1.0,0.0,0.0,0.0018707371039911,1.0,1.0,1.0,1.0,1.0041876763123737e-14,1.0,1.0,1.0,0.0010175154019261,1.0,1.0,0.0,0.0158435101523175,1.0,0.0,0.0,0.0013253484425428,1.0,0.0,0.0,0.0018667803483451,1.0,1.0,0.0,1.725673349791411e-07,1.0,0.0,0.0,0.0,0.0066643602042031,1.0,0.0002223422924185,1.0,1.0,1.0,0.0017116202538047,1.0,1.0,1.0,1.0,7.665984173116079e-05,1.0,1.0,0.0,3.682468863422426e-07,1.0,0.0,0.0,0.0026152898367925,1.0,0.0,1.0,0.0014283540477559,1.0,1.0,0.0,0.0052910949077648,1.0,1.0,0.0,9.330764198561788e-05,1.0,1.0,1.0,1.0,0.0014527995758414,0.0,0.0011760160030063,1.0,1.0,1.0,5.5163171097593905e-15,1.0,0.1203710530824828,1.0,0.0019051319379469,1.0,1.0,1.0,1.0,0.0134959620992672,1.0,1.0,1.0,2.006961040160835e-05,1.0,0.0,1.0,2.811849130084981e-05,1.0,1.0,1.0,0.0364069925264006,1.0,1.0,1.0,0.0019054699320227,1.0,0.0,0.0,0.0010638092317682,1.0,0.0,0.0,1.0,1.0,0.9328587169319924,4.959429302931363,0.6231733064385886,5.9599607652209246,C,F,1,0.0,0.0,2.5,121.2,0.0,0.0,2.8,165.2,0.2999999999999998,43.999999999999986,0.0,0.0,32.36381975558591,21.027153715451796,5.891605684484994,5.891605684484994,5.496035719497905,29.219001872951868,3.671491394632898,35.113738723683134,19.605274089332767,5.49320872590185,5.49320872590185,5.1243876438844245,27.24318032235589,3.4232210446775624,32.73930848154425,3.5690022112010795,3.5690022112010795,3.329374823468483,17.700214148457462,2.2241069086408105,21.271113149745158,1.0,0.9328587169319924,4.959429302931363,0.6231733064385886,5.9599607652209246,0.9328587169319924,4.959429302931363,0.6231733064385886,5.9599607652209246,4.626446856247476,0.5813326510705691,5.559801352409007,3.090583956756162,29.55800406335788,3.714088456306984,0,0.0,0.0,0,0.0,0,0.0
